,xgb_sentiment,xgb_prob,flair_prob,avg_prob,final_sentiment,true_label
0,1,0.9942458,0.9999154806137084,0.9970806539058685,1,1
1,1,0.9868176,0.9993941783905028,0.9931058883666992,1,1
2,1,0.9246151,0.999772608280182,0.9621938467025757,1,1
3,1,0.98677456,0.9993428587913512,0.9930587112903595,1,1
4,1,0.98280865,0.999537467956543,0.9911730587482452,1,1
5,1,0.99577916,0.9977006316184998,0.9967398941516876,1,1
6,1,0.98753625,0.9996494054794312,0.9935928285121918,1,1
7,1,0.97780174,0.9996984004974364,0.9887500703334808,1,1
8,1,0.6011883,0.9999513626098632,0.8005698323249817,1,1
9,1,0.9953009,0.9999446868896484,0.9976227879524231,1,1
10,1,0.991981,0.9998947381973268,0.9959378838539124,1,1
11,1,0.99676895,0.999112069606781,0.9979405105113983,1,1
12,1,0.99357927,0.9988582134246826,0.996218740940094,1,1
13,1,0.9246965,0.9999860525131226,0.9623412787914276,1,1
14,1,0.99962234,0.9996167421340942,0.9996195435523987,1,1
15,1,0.9986992,0.9987454414367676,0.9987223148345947,1,1
16,1,0.99932325,0.9981195330619812,0.9987213909626007,1,1
17,1,0.99868315,0.9997356534004213,0.9992094039916992,1,1
18,0,0.4041745,0.8149120211601257,0.6095432639122009,1,1
19,1,0.9939383,0.9987297654151917,0.996334046125412,1,1
20,1,0.9661352,0.997593343257904,0.9818642735481262,1,1
21,1,0.9976915,0.965768039226532,0.9817297756671906,1,1
22,1,0.98749757,0.9999179840087892,0.9937077760696411,1,1
23,1,0.99102134,0.0289272665977478,0.5099743008613586,1,1
24,1,0.97938293,0.9999887943267822,0.9896858632564545,1,1
25,1,0.60047525,0.9998798370361328,0.8001775443553925,1,1
26,1,0.99908304,0.9982757568359376,0.9986793994903564,1,1
27,1,0.92447567,0.999988317489624,0.9622319936752319,1,1
28,1,0.95388,0.9999459981918336,0.9769130051136017,1,1
29,1,0.56375825,0.0125485062599182,0.28815338015556335,0,1
30,1,0.9923901,0.0012248158454895,0.4968074560165405,0,1
31,1,0.7831829,0.9999819993972778,0.8915824592113495,1,1
32,1,0.9944654,0.9997348189353944,0.9971001148223877,1,1
33,1,0.8494208,0.9987840056419371,0.924102395772934,1,1
34,1,0.9964437,0.999811351299286,0.9981275200843811,1,1
35,1,0.98850816,0.9999455213546752,0.9942268431186676,1,1
36,1,0.9067931,0.9998399019241332,0.9533165097236633,1,1
37,1,0.97580886,0.9998925924301147,0.9878507256507874,1,1
38,1,0.99728227,0.9996192455291748,0.998450756072998,1,1
39,1,0.99911636,0.9999070167541504,0.9995116889476776,1,1
40,1,0.8183851,0.9997749924659728,0.9090800583362579,1,1
41,1,0.987271,0.9999169111251832,0.9935939610004425,1,1
42,1,0.99811256,0.9997918009757996,0.998952180147171,1,1
43,1,0.9891455,0.9999569654464722,0.9945512413978577,1,1
44,1,0.90058315,0.999894380569458,0.9502387642860413,1,1
45,1,0.8038587,0.999963879585266,0.9019112884998322,1,1
46,1,0.9966792,0.9999353885650636,0.9983072876930237,1,1
47,1,0.9922031,0.998859405517578,0.9955312609672546,1,1
48,1,0.9959721,0.9999481439590454,0.9979601204395294,1,1
49,1,0.9984518,0.9997673630714417,0.9991095960140228,1,1
50,1,0.99520004,0.9999700784683228,0.9975850582122803,1,1
51,1,0.9562726,0.0003080368041992,0.478290319442749,0,1
52,1,0.74901986,0.989794671535492,0.8694072663784027,1,1
53,1,0.97932225,0.999670386314392,0.9894963204860687,1,1
54,1,0.9988752,0.9984101057052612,0.9986426532268524,1,1
55,1,0.9968947,0.9999250173568726,0.9984098672866821,1,1
56,1,0.99863476,0.998909592628479,0.9987721741199493,1,1
57,1,0.9989587,0.9996545314788818,0.9993066191673279,1,1
58,1,0.99852175,0.99678373336792,0.9976527392864227,1,1
59,1,0.91963947,0.9967446327209472,0.9581920504570007,1,1
60,1,0.62033665,0.99990713596344,0.8101218938827515,1,1
61,1,0.98399204,0.9998857975006104,0.9919389188289642,1,1
62,1,0.95992756,0.9999401569366456,0.9799338579177856,1,1
63,1,0.99622834,0.999890923500061,0.9980596303939819,1,1
64,1,0.69413435,0.9999434947967528,0.8470389246940613,1,1
65,1,0.6743506,0.997946321964264,0.8361484706401825,1,1
66,1,0.6647463,0.9717074036598206,0.8182268440723419,1,1
67,1,0.98748183,0.9995044469833374,0.9934931397438049,1,1
68,1,0.9988558,0.9999845027923584,0.999420166015625,1,1
69,1,0.9994961,0.999641180038452,0.9995686411857605,1,1
70,1,0.8812108,0.9994773268699646,0.9403440654277802,1,1
71,1,0.9296047,0.9982286095619202,0.9639166593551636,1,1
72,1,0.98640245,0.9998337030410768,0.9931180775165558,1,1
73,1,0.98209906,0.9999666213989258,0.9910328388214111,1,1
74,1,0.9965065,0.9994437098503112,0.9979751110076904,1,1
75,1,0.97003573,0.2376180291175842,0.6038268804550171,1,1
76,1,0.9112571,0.0006974935531616,0.45597729086875916,0,1
77,1,0.9834985,0.9994544386863708,0.9914764761924744,1,1
78,1,0.91242784,0.9986355900764464,0.9555317163467407,1,1
79,1,0.99020094,0.9984184503555298,0.9943096935749054,1,1
80,1,0.9980532,0.9995822310447692,0.9988177120685577,1,1
81,1,0.97431755,0.9998358488082886,0.9870766997337341,1,1
82,1,0.6850629,0.9999701976776124,0.8425165414810181,1,1
83,1,0.6301713,0.7697569727897644,0.6999641358852386,1,1
84,1,0.9340799,0.9999502897262572,0.9670150876045227,1,1
85,0,0.24505284,0.1593555212020874,0.20220418274402618,0,1
86,1,0.9981828,0.9989235997200012,0.9985531866550446,1,1
87,1,0.9962685,0.9999864101409912,0.9981274604797363,1,1
88,1,0.9964342,0.9978005290031432,0.9971173703670502,1,1
89,1,0.6505273,0.8362576961517334,0.7433924973011017,1,1
90,1,0.977468,0.9995706677436828,0.9885193407535553,1,1
91,1,0.9957819,0.9996575117111206,0.9977197051048279,1,1
92,1,0.9635858,0.9764854907989502,0.9700356423854828,1,1
93,1,0.9665208,0.9997866749763488,0.9831537306308746,1,1
94,1,0.97338706,0.9996452331542968,0.986516147851944,1,1
95,1,0.76105297,0.9994470477104188,0.8802500069141388,1,1
96,1,0.98490554,0.9996682405471802,0.992286890745163,1,1
97,1,0.9889037,0.9991795420646667,0.9940416216850281,1,1
98,1,0.86273307,0.999858260154724,0.9312956631183624,1,1
99,1,0.98618037,0.999832272529602,0.9930063188076019,1,1
100,1,0.8668156,0.9995905756950378,0.9332031011581421,1,1
101,1,0.9916053,0.992159366607666,0.99188232421875,1,1
102,1,0.99232787,0.9996708631515504,0.9959993660449982,1,1
103,1,0.99059874,0.999148726463318,0.9948737323284149,1,1
104,1,0.9886602,0.9999781847000122,0.9943192005157471,1,1
105,1,0.9590307,0.9994303584098816,0.979230523109436,1,1
106,1,0.76563907,0.9998492002487184,0.8827441334724426,1,1
107,1,0.98926264,0.9994295239448548,0.9943460822105408,1,1
108,1,0.9942492,0.9998189806938172,0.997034102678299,1,1
109,1,0.9862033,0.9989043474197388,0.9925538301467896,1,1
110,1,0.9984125,0.998190462589264,0.9983014762401581,1,1
111,1,0.9230927,0.9956793189048768,0.959386020898819,1,1
112,1,0.98670363,0.998775064945221,0.992739349603653,1,1
113,1,0.999385,0.998649537563324,0.9990172684192657,1,1
114,1,0.9954882,0.9989117383956908,0.9971999824047089,1,1
115,1,0.95796573,0.9999768733978271,0.9789713025093079,1,1
116,1,0.9898796,0.9999010562896729,0.9948903322219849,1,1
117,1,0.998334,0.999946117401123,0.999140053987503,1,1
118,1,0.93608546,0.1803594231605529,0.5582224428653717,1,1
119,1,0.98316425,0.9979484677314758,0.9905563592910767,1,1
120,1,0.85233563,0.9967650175094604,0.924550324678421,1,1
121,1,0.9978974,0.9999270439147948,0.9989122152328491,1,1
122,1,0.9917208,0.9997150301933287,0.9957179129123688,1,1
123,1,0.97611916,0.9998793601989746,0.9879992604255676,1,1
124,1,0.85013986,0.998752236366272,0.9244460463523865,1,1
125,1,0.9993529,0.9991106390953064,0.99923175573349,1,1
126,1,0.98963565,0.9999090433120728,0.994772344827652,1,1
127,1,0.99835867,0.9999828338623048,0.9991707503795624,1,1
128,1,0.88721704,0.9988646507263184,0.9430408477783203,1,1
129,1,0.9998715,0.9997023940086364,0.9997869431972504,1,1
130,1,0.5349926,0.0212426781654357,0.27811762690544123,0,1
131,1,0.90950316,0.9999154806137084,0.9547093212604523,1,1
132,1,0.9530943,0.9989429116249084,0.9760186076164246,1,1
133,1,0.9424733,0.9998286962509156,0.9711509943008423,1,1
134,1,0.7662914,0.9999465942382812,0.8831189870834351,1,1
135,1,0.9767528,0.99991774559021,0.9883352816104889,1,1
136,1,0.99835277,0.5691784024238586,0.783765584230423,1,1
137,1,0.9952545,0.999886155128479,0.9975703358650208,1,1
138,1,0.997244,0.9999604225158693,0.9986022114753723,1,1
139,1,0.9990275,0.9994426369667052,0.999235063791275,1,1
140,0,0.35241222,0.9997771382331848,0.6760946810245514,1,1
141,1,0.88796526,0.9950758814811708,0.9415205717086792,1,1
142,1,0.93517524,0.9976565837860109,0.9664159119129181,1,1
143,1,0.9909496,0.990416407585144,0.990682989358902,1,1
144,1,0.9823532,0.9999163150787354,0.991134762763977,1,1
145,1,0.9523104,0.999886989593506,0.9760986864566803,1,1
146,1,0.92946523,0.9999599456787108,0.9647125899791718,1,1
147,1,0.8811381,0.999934196472168,0.9405361413955688,1,1
148,1,0.89914614,1.513957977294922e-05,0.4495806396007538,0,1
149,1,0.99143255,0.9971317052841188,0.9942821264266968,1,1
150,1,0.99898595,0.9998592138290404,0.9994225800037384,1,1
151,1,0.98491514,0.9994522929191588,0.9921837151050568,1,1
152,1,0.8227782,0.9997484087944032,0.9112633168697357,1,1
153,1,0.9986237,0.999846339225769,0.9992350339889526,1,1
154,1,0.9469233,0.0022300481796264,0.47457668185234064,0,1
155,1,0.8898316,0.9997653365135192,0.944798469543457,1,1
156,1,0.57527524,0.9834119081497192,0.7793435752391815,1,1
157,1,0.9978005,0.99978107213974,0.9987908005714417,1,1
158,1,0.7565375,0.9999827146530152,0.8782601058483124,1,1
159,1,0.9930159,0.9999041557312012,0.9964600205421448,1,1
160,1,0.97281003,0.9983024597167968,0.9855562448501587,1,1
161,1,0.9700735,0.999963879585266,0.9850187003612518,1,1
162,1,0.9917571,0.998599112033844,0.9951781034469604,1,1
163,1,0.9958197,0.999956488609314,0.9978880882263184,1,1
164,1,0.9366668,0.9951024055480956,0.9658845961093903,1,1
165,1,0.9892454,0.9985355138778688,0.9938904643058777,1,1
166,1,0.9971168,0.9992270469665528,0.9981719255447388,1,1
167,0,0.09643156,0.9972971081733704,0.5468643344938755,1,1
168,1,0.93895155,0.9999481439590454,0.9694498479366302,1,1
169,1,0.7350115,0.990200936794281,0.8626062273979187,1,1
170,1,0.9926998,0.9993698000907898,0.9960348010063171,1,1
171,1,0.9967996,0.9994860887527466,0.9981428384780884,1,1
172,1,0.6324455,0.93533855676651,0.783892035484314,1,1
173,1,0.9994993,0.9998216032981871,0.999660462141037,1,1
174,1,0.9669641,0.9998750686645508,0.9834195971488953,1,1
175,1,0.99492776,0.9992559552192688,0.9970918595790863,1,1
176,1,0.856583,0.0008254647254943,0.4287042319774627,0,1
177,1,0.9740974,0.999902844429016,0.9870001077651978,1,1
178,1,0.96470016,0.9990297555923462,0.9818649590015411,1,1
179,1,0.9496481,0.9997760653495787,0.974712073802948,1,1
180,1,0.9861339,0.9999338388442992,0.9930338561534882,1,1
181,1,0.9981054,0.999411940574646,0.9987586736679077,1,1
182,1,0.98584485,0.9998342990875244,0.9928395748138428,1,1
183,1,0.9500187,0.9944302439689636,0.9722244739532471,1,1
184,1,0.9956291,0.9995205402374268,0.9975748062133789,1,1
185,1,0.89828265,0.9999064207077026,0.9490945339202881,1,1
186,0,0.18023825,0.0039150714874267,0.09207665920257566,0,1
187,1,0.989771,0.999972939491272,0.994871973991394,1,1
188,1,0.87804973,0.9999173879623412,0.9389835596084595,1,1
189,1,0.9537499,0.9998766183853148,0.9768132567405701,1,1
190,1,0.99330693,0.967564582824707,0.9804357588291168,1,1
191,1,0.9914336,0.9999818801879884,0.9957077503204346,1,1
192,0,0.19622727,0.9998213648796082,0.5980243161320686,1,1
193,1,0.69843274,0.9653407335281372,0.8318867385387421,1,1
194,1,0.98453,0.9997242093086244,0.9921270906925201,1,1
195,0,0.48783696,0.999815046787262,0.7438260018825531,1,1
196,1,0.9932587,0.998056411743164,0.9956575632095337,1,1
197,1,0.99960655,0.9995744824409484,0.9995905160903931,1,1
198,1,0.8922804,0.991376519203186,0.9418284595012665,1,1
199,1,0.6812885,0.9999397993087769,0.8406141400337219,1,1
200,1,0.9883293,0.9999334812164308,0.9941313862800598,1,1
201,1,0.92119026,0.0205359458923339,0.4708631038665771,0,1
202,1,0.8478547,0.9997850060462952,0.9238198399543762,1,1
203,1,0.9520578,0.5830480456352234,0.76755291223526,1,1
204,1,0.98742735,0.9983999133110046,0.9929136335849762,1,1
205,1,0.98939836,0.9990283250808716,0.994213342666626,1,1
206,1,0.9995771,0.9988030195236206,0.9991900622844696,1,1
207,1,0.99899536,0.9993587136268616,0.9991770386695862,1,1
208,1,0.7308953,0.0003620386123657,0.3656286597251892,0,1
209,1,0.9828189,0.99985671043396,0.9913378059864044,1,1
210,1,0.99889225,0.9998099207878112,0.9993510842323303,1,1
211,1,0.99710506,0.99995756149292,0.998531311750412,1,1
212,0,0.41277277,0.0015426874160766,0.20715773105621335,0,1
213,1,0.9979912,0.9999545812606812,0.9989728927612305,1,1
214,1,0.98311675,0.9999818801879884,0.9915493130683899,1,1
215,1,0.9161973,0.9999268054962158,0.9580620527267456,1,1
216,1,0.99651223,0.9990172386169434,0.9977647364139557,1,1
217,1,0.9049962,0.9999356269836426,0.9524659216403961,1,1
218,1,0.9943212,0.999912977218628,0.9971171021461487,1,1
219,1,0.990511,0.999093532562256,0.9948022663593292,1,1
220,1,0.99639136,0.999881148338318,0.9981362521648407,1,1
221,1,0.84976,1.2278556823730469e-05,0.42488613724708557,0,1
222,1,0.99755377,0.9997853636741638,0.9986695647239685,1,1
223,1,0.7057976,0.9990689158439636,0.8524332642555237,1,1
224,1,0.9688175,0.9990148544311525,0.983916163444519,1,1
225,1,0.9889042,0.99717915058136,0.9930416643619537,1,1
226,1,0.9520172,0.999363124370575,0.9756901562213898,1,1
227,1,0.98459667,0.9998180270195008,0.9922073483467102,1,1
228,1,0.9904541,0.9999477863311768,0.9952009320259094,1,1
229,1,0.97660804,0.9960749745368958,0.9863415062427521,1,1
230,1,0.57416946,0.9998409748077391,0.787005215883255,1,1
231,1,0.99882287,0.999931812286377,0.9993773400783539,1,1
232,1,0.98407745,0.9998668432235718,0.9919721484184265,1,1
233,1,0.985995,0.9977830052375792,0.9918889999389648,1,1
234,1,0.9625806,0.9990915060043336,0.9808360636234283,1,1
235,1,0.99436086,0.9994101524353028,0.9968855082988739,1,1
236,1,0.9916087,0.9968491196632384,0.9942288994789124,1,1
237,1,0.99822813,0.9995408058166504,0.9988844692707062,1,1
238,1,0.92007387,0.9973389506340028,0.95870640873909,1,1
239,1,0.9954181,0.9996720552444458,0.997545063495636,1,1
240,1,0.9979936,0.99996817111969,0.9989808797836304,1,1
241,1,0.9448387,0.9993748068809508,0.9721067547798157,1,1
242,1,0.9600153,0.9994537234306335,0.9797345101833344,1,1
243,1,0.9993831,0.9952526092529296,0.9973178505897522,1,1
244,1,0.89659107,0.9965274930000304,0.9465592801570892,1,1
245,1,0.98750454,0.9994311928749084,0.9934678673744202,1,1
246,1,0.9313719,0.996476709842682,0.9639243185520172,1,1
247,1,0.95352906,0.9998726844787598,0.9767008721828461,1,1
248,1,0.9125251,0.9999200105667114,0.9562225639820099,1,1
249,1,0.9851387,0.9999924898147584,0.9925656020641327,1,1
250,1,0.98700434,0.9994600415229796,0.9932321906089783,1,1
251,1,0.986673,0.9999196529388428,0.9932963252067566,1,1
252,1,0.99371403,0.9982001781463624,0.9959571063518524,1,1
253,1,0.9192205,0.9994818568229676,0.9593511819839478,1,1
254,1,0.9992099,0.999925971031189,0.9995679259300232,1,1
255,1,0.9860556,0.9992592930793762,0.9926574528217316,1,1
256,0,0.09471206,0.9905067682266236,0.542609415948391,1,1
257,1,0.9927176,0.9998422861099244,0.9962799549102783,1,1
258,1,0.9985782,0.9999508857727052,0.9992645382881165,1,1
259,0,0.4649455,0.9999234676361084,0.73243448138237,1,1
260,1,0.9874693,0.9999719858169556,0.9937206506729126,1,1
261,1,0.9977731,0.999704658985138,0.9987388849258423,1,1
262,1,0.9827355,0.9998193383216858,0.991277426481247,1,1
263,1,0.9435323,0.9999922513961792,0.9717622697353363,1,1
264,1,0.95046747,0.9999122619628906,0.9751898646354675,1,1
265,1,0.7874789,0.997970163822174,0.8927245438098907,1,1
266,1,0.99667454,0.9995245933532716,0.9980995655059814,1,1
267,1,0.9835728,0.9996527433395386,0.9916127622127533,1,1
268,1,0.97239447,0.9997393488883972,0.9860669076442719,1,1
269,0,0.47541153,0.0462871789932251,0.26084935665130615,0,1
270,1,0.9869797,0.9999161958694458,0.9934479594230652,1,1
271,1,0.999483,0.9995527863502502,0.9995178878307343,1,1
272,1,0.9901058,0.9964799284934998,0.9932928681373596,1,1
273,1,0.9805156,0.9999761581420898,0.9902458786964417,1,1
274,1,0.9382035,0.9996123909950256,0.9689079523086548,1,1
275,1,0.905021,0.9997010827064514,0.9523610472679138,1,1
276,1,0.5138445,0.999885320663452,0.7568649053573608,1,1
277,1,0.9984427,0.9998261332511902,0.9991344213485718,1,1
278,1,0.9984092,0.9999593496322632,0.9991842806339264,1,1
279,1,0.8894722,0.999612271785736,0.9445422291755676,1,1
280,1,0.97882754,0.9999334812164308,0.9893805086612701,1,1
281,1,0.9911704,0.9997218251228333,0.995446115732193,1,1
282,1,0.8076722,0.9999473094940186,0.9038097560405731,1,1
283,1,0.947174,0.999995231628418,0.9735846221446991,1,1
284,1,0.99341416,0.9995427131652832,0.9964784383773804,1,1
285,1,0.96460885,0.999979853630066,0.982294350862503,1,1
286,1,0.9252394,0.9938231706619264,0.9595312774181366,1,1
287,1,0.90439856,0.9999524354934692,0.952175498008728,1,1
288,1,0.8555076,0.9985858201980592,0.9270467162132263,1,1
289,1,0.9954425,0.99987530708313,0.997658908367157,1,1
290,1,0.93094254,0.9787487387657166,0.9548456370830536,1,1
291,1,0.9023783,1.0251998901367188e-05,0.45119428634643555,0,1
292,1,0.9996032,0.9982354640960692,0.9989193379878998,1,1
293,1,0.99818796,0.996535062789917,0.9973615109920502,1,1
294,1,0.99907994,0.9999955892562866,0.9995377659797668,1,1
295,1,0.9971999,0.999599039554596,0.9983994662761688,1,1
296,1,0.9992422,0.99997079372406,0.9996064901351929,1,1
297,1,0.88460505,0.9993440508842468,0.941974550485611,1,1
298,1,0.99823135,0.9999312162399292,0.9990812838077545,1,1
299,1,0.9086336,0.9998893737792968,0.9542614817619324,1,1
300,1,0.9525396,0.9943471550941468,0.9734433889389038,1,1
301,1,0.8240951,0.9999756813049316,0.9120353758335114,1,1
302,1,0.89790446,0.9999964237213136,0.9489504396915436,1,1
303,0,0.042205088,0.999976634979248,0.5210908614099026,1,1
304,1,0.8033067,0.0727232694625854,0.4380149841308594,0,1
305,1,0.99950874,0.9985646605491638,0.9990366995334625,1,1
306,1,0.9819641,0.0054017305374145,0.4936829209327698,0,1
307,1,0.8549985,0.998511016368866,0.9267547726631165,1,1
308,1,0.97492766,0.999970316886902,0.9874489903450012,1,1
309,1,0.7454868,0.9996034502983092,0.8725451231002808,1,1
310,1,0.7440503,0.9998146891593932,0.8719325065612793,1,1
311,1,0.965953,0.999958038330078,0.9829555153846741,1,1
312,1,0.9959603,0.99631929397583,0.996139794588089,1,1
313,1,0.9621564,0.9993330836296082,0.9807447493076324,1,1
314,1,0.98846006,0.9989147186279296,0.9936873912811279,1,1
315,1,0.9984779,0.9998553991317748,0.9991666376590729,1,1
316,1,0.5833595,7.62939453125e-06,0.291683554649353,0,1
317,1,0.9956326,0.9981631636619568,0.9968978762626648,1,1
318,1,0.9982175,0.9997691512107848,0.9989933371543884,1,1
319,1,0.91229707,0.9999200105667114,0.9561085402965546,1,1
320,1,0.56318307,0.992280662059784,0.777731865644455,1,1
321,1,0.8788476,0.9927067160606384,0.9357771575450897,1,1
322,1,0.9787015,0.999823272228241,0.9892623722553253,1,1
323,1,0.92711806,0.9985527396202089,0.9628354012966156,1,1
324,1,0.95840317,0.9999414682388306,0.9791723191738129,1,1
325,1,0.9966627,0.9991934895515442,0.9979280829429626,1,1
326,1,0.5526698,0.9987088441848756,0.7756893336772919,1,1
327,1,0.99793327,0.0200259685516357,0.5089796185493469,1,1
328,1,0.97787195,0.9994052648544312,0.9886386096477509,1,1
329,1,0.99808985,0.9995937943458556,0.9988418221473694,1,1
330,1,0.98986673,0.9995818734169006,0.994724303483963,1,1
331,1,0.9898387,0.9989224672317504,0.9943805932998657,1,1
332,0,0.31596538,4.00543212890625e-05,0.15800271928310394,0,1
333,1,0.9879133,0.9999657869338988,0.9939395487308502,1,1
334,1,0.97900075,0.9998276233673096,0.9894141852855682,1,1
335,1,0.87183553,0.9966957569122314,0.9342656433582306,1,1
336,1,0.9945259,0.999968647956848,0.9972472786903381,1,1
337,1,0.96401834,0.9995388984680176,0.981778621673584,1,1
338,1,0.98141736,0.9994379878044128,0.9904276728630066,1,1
339,1,0.8685457,0.9998712539672852,0.934208482503891,1,1
340,1,0.9991366,0.9996281862258912,0.9993824064731598,1,1
341,1,0.9954106,0.9999818801879884,0.9976962506771088,1,1
342,1,0.823374,0.9401641488075256,0.881769061088562,1,1
343,1,0.99800366,0.9986037611961364,0.9983037114143372,1,1
344,1,0.9910142,0.999270498752594,0.9951423406600952,1,1
345,1,0.9974613,0.9997856020927428,0.9986234605312347,1,1
346,1,0.9882726,0.999936580657959,0.9941045939922333,1,1
347,1,0.9339876,0.9985553622245787,0.9662714898586273,1,1
348,0,0.3401393,0.9875763654708862,0.6638578325510025,1,1
349,1,0.98697424,0.999929904937744,0.9934520721435547,1,1
350,1,0.79723364,0.999953269958496,0.8985934555530548,1,1
351,1,0.98954844,0.9995403289794922,0.9945443868637085,1,1
352,1,0.94120383,0.9999901056289672,0.970596969127655,1,1
353,1,0.9504599,0.6816924810409546,0.8160761892795563,1,1
354,1,0.9984937,0.9999494552612304,0.9992215633392334,1,1
355,1,0.9885019,0.999936580657959,0.9942192435264587,1,1
356,1,0.9992762,0.9993005990982056,0.999288409948349,1,1
357,1,0.88713396,0.9999762773513794,0.9435551166534424,1,1
358,1,0.8177732,0.998849630355835,0.9083114266395569,1,1
359,1,0.9790196,0.9998509883880616,0.9894352853298187,1,1
360,1,0.8028001,0.9999136924743652,0.9013569056987762,1,1
361,1,0.6779771,0.1505658626556396,0.4142714738845825,0,1
362,1,0.88859904,0.9994878768920898,0.9440434575080872,1,1
363,1,0.9947495,0.9996440410614014,0.997196763753891,1,1
364,1,0.9977266,0.999592125415802,0.9986593723297119,1,1
365,1,0.9937959,0.9997881054878236,0.9967919886112213,1,1
366,1,0.80161643,0.9999600648880004,0.9007882475852966,1,1
367,0,0.44225267,0.9985162615776062,0.7203844636678696,1,1
368,1,0.9108099,0.9990574717521667,0.9549336731433868,1,1
369,1,0.8545048,0.9998315572738647,0.9271681904792786,1,1
370,1,0.99475336,0.9998314380645752,0.9972923994064331,1,1
371,1,0.89711154,0.998904585838318,0.9480080604553223,1,1
372,1,0.9887416,0.9974778294563292,0.9931097030639648,1,1
373,1,0.98292565,0.9998093247413636,0.9913674890995026,1,1
374,1,0.9982526,0.9998894929885864,0.9990710318088531,1,1
375,1,0.6832333,0.9978489875793456,0.8405411541461945,1,1
376,1,0.9958935,0.9928783774375916,0.9943859279155731,1,1
377,1,0.99949443,0.996658444404602,0.9980764389038086,1,1
378,1,0.673027,0.489717423915863,0.5813722014427185,1,1
379,1,0.85975623,0.9998984336853028,0.9298273324966431,1,1
380,1,0.99675936,0.9999010562896729,0.9983302056789398,1,1
381,1,0.9455973,0.9999922513961792,0.972794771194458,1,1
382,0,0.14571527,0.9996102452278136,0.5726627558469772,1,1
383,1,0.9974112,0.9996577501296996,0.9985344707965851,1,1
384,1,0.99821496,0.9999362230300904,0.9990755915641785,1,1
385,1,0.91541016,0.9999598264694214,0.9576849937438965,1,1
386,0,0.38871962,0.0010786056518554,0.19489911198616025,0,1
387,1,0.9996662,0.9985384941101074,0.9991023540496826,1,1
388,1,0.99865615,0.9998170733451844,0.9992366135120392,1,1
389,1,0.946888,0.9998528957366944,0.9733704626560211,1,1
390,1,0.9789153,0.6088023781776428,0.7938588261604309,1,1
391,1,0.9942167,0.9976735711097716,0.9959451258182526,1,1
392,1,0.9481384,0.9998289346694946,0.9739836752414703,1,1
393,1,0.9795576,1.823902130126953e-05,0.48978790640830994,0,1
394,1,0.9946898,0.9756776094436646,0.9851837158203125,1,1
395,1,0.9207874,0.9998936653137208,0.9603405296802521,1,1
396,1,0.67795545,0.9994077682495116,0.8386816084384918,1,1
397,0,0.42970595,0.9998677968978882,0.7147868722677231,1,1
398,1,0.92932737,0.9986658096313475,0.9639965891838074,1,1
399,1,0.99631363,0.9997844099998474,0.9980490207672119,1,1
400,1,0.93948394,0.9997342228889464,0.9696090817451477,1,1
401,1,0.9942713,0.7633742094039917,0.8788227438926697,1,1
402,1,0.9995436,0.9990934133529664,0.9993185102939606,1,1
403,1,0.87218016,0.999994158744812,0.9360871613025665,1,1
404,1,0.8387572,0.9995344877243042,0.9191458523273468,1,1
405,1,0.9619636,0.9994710087776184,0.9807173013687134,1,1
406,1,0.9813286,0.9989510774612428,0.9901398420333862,1,1
407,1,0.57087207,0.9571068286895752,0.7639894485473633,1,1
408,1,0.99738806,0.999875783920288,0.9986319243907928,1,1
409,1,0.9880305,0.9993786811828612,0.9937045872211456,1,1
410,0,0.05793884,0.999761402606964,0.5288501214236021,1,1
411,0,0.45591867,0.9998724460601808,0.7278955578804016,1,1
412,0,0.3014718,0.9980410933494568,0.649756446480751,1,1
413,1,0.9694567,0.9998156428337096,0.9846361577510834,1,1
414,1,0.8931879,0.999367892742157,0.9462778866291046,1,1
415,1,0.91039354,0.0036253333091735,0.45700943470001215,0,1
416,1,0.9587908,0.9999606609344482,0.9793757200241089,1,1
417,1,0.8546659,0.999822199344635,0.9272440373897552,1,1
418,1,0.81199145,0.9999567270278932,0.9059740900993347,1,1
419,1,0.9395587,0.0137773156166076,0.4766680002212524,0,1
420,1,0.99041,0.9951937794685364,0.9928018748760223,1,1
421,1,0.9719759,0.9998961687088012,0.9859360456466675,1,1
422,1,0.99523574,0.999969244003296,0.9976024925708771,1,1
423,1,0.9936772,0.9997979998588562,0.9967375993728638,1,1
424,1,0.9870029,0.9988215565681458,0.992912232875824,1,1
425,1,0.9283482,0.999935507774353,0.964141845703125,1,1
426,1,0.9957515,0.9999470710754396,0.9978492856025696,1,1
427,1,0.9967438,0.999886393547058,0.9983150959014893,1,1
428,0,0.34484974,0.9997926354408264,0.6723211854696274,1,1
429,1,0.86981285,0.9993446469306946,0.9345787465572357,1,1
430,1,0.9972703,0.9998000264167786,0.99853515625,1,1
431,1,0.9669521,0.9880558252334596,0.9775039553642273,1,1
432,1,0.97020537,0.9998832941055298,0.9850443303585052,1,1
433,1,0.97479194,0.9999796152114868,0.9873857796192169,1,1
434,1,0.9946385,0.9996564388275146,0.9971474707126617,1,1
435,1,0.9478633,0.9997937083244324,0.9738284945487976,1,1
436,1,0.9863414,0.9999637603759766,0.9931525886058807,1,1
437,1,0.82043797,0.999803364276886,0.9101206660270691,1,1
438,1,0.9808493,2.443790435791016e-05,0.4904368817806244,0,1
439,1,0.9970251,0.9998522996902466,0.998438686132431,1,1
440,1,0.94677603,0.9925373196601868,0.9696566760540009,1,1
441,1,0.9948855,0.9985675811767578,0.9967265427112579,1,1
442,1,0.9320245,0.9999537467956544,0.9659891128540039,1,1
443,1,0.97501206,0.0002211928367614,0.48761662840843195,0,1
444,1,0.84013385,0.999996542930603,0.9200651943683624,1,1
445,1,0.94389486,0.9378927946090698,0.940893828868866,1,1
446,1,0.9870429,0.9993252754211426,0.9931840896606445,1,1
447,1,0.9976497,0.998878300189972,0.9982640147209167,1,1
448,1,0.7393318,0.9999783039093018,0.869655042886734,1,1
449,1,0.7252686,0.9999823570251464,0.8626254796981812,1,1
450,1,0.9781512,0.9994277358055116,0.9887894690036774,1,1
451,1,0.9707099,0.9990418553352356,0.98487588763237,1,1
452,1,0.92785245,0.9996412992477416,0.9637468755245209,1,1
453,1,0.9886282,0.9991506338119508,0.9938894212245941,1,1
454,1,0.99982196,0.9996929168701172,0.9997574388980865,1,1
455,1,0.9715746,0.9999635219573976,0.9857690632343292,1,1
456,1,0.99878937,0.9999268054962158,0.9993580877780914,1,1
457,0,0.004269315,0.9998726844787598,0.5020709997043014,1,1
458,1,0.9520722,0.9999868869781494,0.9760295450687408,1,1
459,1,0.6713638,0.9997997879981996,0.8355817794799805,1,1
460,1,0.84667414,0.9994438290596008,0.9230589866638184,1,1
461,1,0.98808414,0.9996180534362792,0.9938510954380035,1,1
462,1,0.9984549,0.9994840621948242,0.9989694952964783,1,1
463,1,0.99767536,0.999953269958496,0.9988143146038055,1,1
464,1,0.98844725,0.999950647354126,0.9941989481449127,1,1
465,1,0.91967845,0.9998990297317504,0.9597887396812439,1,1
466,1,0.99830866,0.9997259974479676,0.9990173280239105,1,1
467,1,0.90489787,0.9997202754020692,0.9523090720176697,1,1
468,1,0.9955304,0.9998941421508788,0.9977122843265533,1,1
469,1,0.58480906,0.994087815284729,0.7894484400749207,1,1
470,1,0.8919686,0.9999752044677734,0.9459719061851501,1,1
471,1,0.71093076,0.9992412328720092,0.8550859987735748,1,1
472,1,0.90126204,0.9996080994606018,0.950435072183609,1,1
473,1,0.7607209,0.9953345656394958,0.8780277371406555,1,1
474,1,0.99430263,0.9996691942214966,0.996985912322998,1,1
475,1,0.9998976,0.999058187007904,0.99947789311409,1,1
476,1,0.9778928,0.9999620914459229,0.9889274537563324,1,1
477,1,0.9950244,0.999855637550354,0.9974400103092194,1,1
478,1,0.9985348,0.9998712539672852,0.9992030262947083,1,1
479,1,0.9982492,0.9999349117279052,0.9990920424461365,1,1
480,1,0.6675902,0.999975562095642,0.8337828814983368,1,1
481,1,0.95891,0.0538400411605834,0.5063750147819519,1,1
482,1,0.99352735,0.999632716178894,0.9965800344944,1,1
483,1,0.90305567,0.999439537525177,0.9512476027011871,1,1
484,1,0.5412416,0.9999405145645142,0.7705910503864288,1,1
485,1,0.98971015,0.9998168349266052,0.9947634935379028,1,1
486,1,0.8111418,0.999936580657959,0.9055391848087311,1,1
487,1,0.96893096,0.9995810389518738,0.9842559993267059,1,1
488,1,0.9930403,0.9985159039497375,0.9957781136035919,1,1
489,1,0.927218,0.3867601156234741,0.6569890677928925,1,1
490,1,0.9959061,0.9966031312942504,0.9962546229362488,1,1
491,1,0.98914355,0.1712426543235778,0.5801931023597717,1,1
492,1,0.98867154,0.9386188983917236,0.9636452198028564,1,1
493,1,0.9986639,0.999365508556366,0.9990147054195404,1,1
494,1,0.98618615,0.9998335838317872,0.9930098652839661,1,1
495,1,0.69799745,0.999980092048645,0.8489887714385986,1,1
496,1,0.8550222,0.999774158000946,0.9273981750011444,1,1
497,1,0.9673111,0.9997366070747375,0.9835238456726074,1,1
498,1,0.9196013,0.9999047517776488,0.9597530364990234,1,1
499,1,0.99782807,0.9995104074478148,0.9986692368984222,1,1
500,1,0.9859861,0.9998167157173156,0.9929014146327972,1,1
501,1,0.9995534,0.9999887943267822,0.9997710883617401,1,1
502,0,0.37479976,0.999006688594818,0.6869032233953476,1,1
503,1,0.9694871,0.9999524354934692,0.9847197532653809,1,1
504,1,0.9521221,0.0161262154579162,0.4841241538524627,0,1
505,1,0.963992,0.999050796031952,0.9815213978290558,1,1
506,1,0.98800606,0.9994878768920898,0.9937469661235809,1,1
507,1,0.9935302,0.9999263286590576,0.9967282712459564,1,1
508,0,0.4999411,0.992664396762848,0.7463027536869049,1,1
509,1,0.98685837,0.9999790191650392,0.9934186935424805,1,1
510,1,0.7920126,0.999954104423523,0.8959833383560181,1,1
511,0,0.21775004,0.9998921155929564,0.6088210791349411,1,1
512,0,0.35363793,0.9998151659965516,0.6767265498638153,1,1
513,1,0.99969363,0.9995633959770204,0.9996285140514374,1,1
514,1,0.9995425,0.9994964599609376,0.9995194673538208,1,1
515,1,0.9963779,0.9954921007156372,0.9959349930286407,1,1
516,1,0.9887749,0.9998117089271544,0.9942933022975922,1,1
517,1,0.953714,0.997064769268036,0.9753893911838531,1,1
518,1,0.99195534,0.995345413684845,0.9936503767967224,1,1
519,1,0.9553766,0.9998878240585328,0.9776322245597839,1,1
520,1,0.989528,0.9999486207962036,0.9947383105754852,1,1
521,1,0.99817145,0.999435007572174,0.9988032281398773,1,1
522,1,0.91916454,0.9998589754104614,0.9595117568969727,1,1
523,1,0.9976998,0.9994798302650452,0.998589813709259,1,1
524,1,0.9153755,0.9998480081558228,0.9576117396354675,1,1
525,1,0.98989725,0.999860405921936,0.9948788285255432,1,1
526,1,0.9972662,0.9994935989379884,0.9983798861503601,1,1
527,1,0.98695576,0.9999880790710448,0.9934719204902649,1,1
528,1,0.9921625,0.999935507774353,0.9960490167140961,1,1
529,1,0.9929677,0.9932004809379578,0.9930841028690338,1,1
530,1,0.99721706,0.9979497790336608,0.997583419084549,1,1
531,0,0.4245915,0.9999780654907228,0.7122847884893417,1,1
532,1,0.70873296,0.999968647956848,0.8543508052825928,1,1
533,1,0.9965821,0.999729335308075,0.9981557130813599,1,1
534,1,0.697363,0.9896823763847352,0.843522697687149,1,1
535,1,0.98679996,0.9999929666519164,0.9933964610099792,1,1
536,1,0.99660987,0.9996289014816284,0.9981193840503693,1,1
537,1,0.98100555,0.9988935589790344,0.9899495542049408,1,1
538,0,0.11759207,0.9926944971084596,0.5551432818174362,1,1
539,1,0.99921334,0.999872088432312,0.9995427131652832,1,1
540,1,0.9957046,0.999714195728302,0.9977093935012817,1,1
541,1,0.9202917,0.999908447265625,0.9601000845432281,1,1
542,1,0.99166095,0.9998693466186525,0.9957651495933533,1,1
543,1,0.64223963,0.9999825954437256,0.8211111128330231,1,1
544,1,0.69267726,0.9985349178314208,0.8456060886383057,1,1
545,1,0.9131025,0.9995183944702148,0.9563104510307312,1,1
546,1,0.98955137,0.9999667406082152,0.9947590529918671,1,1
547,1,0.95395815,0.9999356269836426,0.9769468903541565,1,1
548,1,0.92453486,0.9999288320541382,0.96223184466362,1,1
549,1,0.99483156,0.9998514652252196,0.997341513633728,1,1
550,1,0.995684,0.9999376535415648,0.9978108406066895,1,1
551,1,0.72668815,0.6801935434341431,0.7034408450126648,1,1
552,1,0.7454667,0.999417781829834,0.8724422454833984,1,1
553,1,0.9519542,0.9997686743736268,0.9758614301681519,1,1
554,0,0.4075609,0.0190714001655578,0.21331615746021268,0,1
555,0,0.34613684,0.9947904348373412,0.6704636365175247,1,1
556,1,0.9973345,0.999333918094635,0.9983341991901398,1,1
557,1,0.949913,0.9985471367836,0.9742300808429718,1,1
558,1,0.9918612,8.082389831542969e-05,0.49597102403640747,0,1
559,0,0.42684108,0.9475201368331908,0.6871806085109711,1,1
560,1,0.9807478,0.9999792575836182,0.9903635382652283,1,1
561,1,0.99954396,0.9997153878211976,0.9996296763420105,1,1
562,1,0.5560842,0.9978528022766112,0.7769685089588165,1,1
563,1,0.9997662,0.9969692826271056,0.9983677268028259,1,1
564,1,0.9258108,0.9997060894966124,0.9627584517002106,1,1
565,1,0.8053617,0.9997612833976746,0.9025614857673645,1,1
566,1,0.98807204,0.066311240196228,0.5271916389465332,1,1
567,1,0.9867829,0.9989225268363952,0.9928527176380157,1,1
568,1,0.85221094,0.9996035695075988,0.9259072542190552,1,1
569,1,0.9125357,0.9997465014457704,0.9561411142349243,1,1
570,1,0.99376374,0.9999823570251464,0.9968730509281158,1,1
571,1,0.99217016,0.9992701411247252,0.9957201480865479,1,1
572,1,0.50402796,0.9965403079986572,0.7502841353416443,1,1
573,1,0.9937935,0.999890923500061,0.9968422055244446,1,1
574,1,0.77567995,0.9997684359550476,0.8877241909503937,1,1
575,1,0.8456899,0.9999405145645142,0.922815203666687,1,1
576,1,0.8514825,0.9997001886367798,0.9255913496017456,1,1
577,0,0.3610174,0.0016807913780212,0.18134909868240354,0,1
578,1,0.9670203,0.982256293296814,0.9746382832527161,1,1
579,1,0.57703537,0.001260221004486,0.28914779424667353,0,1
580,1,0.99513596,0.9999099969863892,0.9975229799747467,1,1
581,1,0.97501445,0.9890507459640504,0.9820325970649719,1,1
582,1,0.99575424,0.9969021081924438,0.9963281750679016,1,1
583,1,0.87572294,0.9996114373207092,0.937667191028595,1,1
584,1,0.99218446,0.999235987663269,0.9957102239131927,1,1
585,1,0.98606294,0.999946355819702,0.9930046498775482,1,1
586,1,0.9920487,0.999678373336792,0.995863527059555,1,1
587,0,0.2740358,0.0612531304359436,0.1676444709300995,0,1
588,1,0.98424697,0.999931812286377,0.9920893907546997,1,1
589,1,0.9574396,0.999863862991333,0.9786517322063446,1,1
590,1,0.9864233,0.9999027252197266,0.9931630194187164,1,1
591,1,0.9029934,0.9997758269309998,0.9513846039772034,1,1
592,1,0.9935516,0.9998226761817932,0.9966871440410614,1,1
593,1,0.9380877,0.9986647367477416,0.9683762192726135,1,1
594,1,0.5247062,0.9999947547912598,0.762350469827652,1,1
595,1,0.9414483,0.9996719360351562,0.9705601036548615,1,1
596,1,0.9913223,0.9995588660240172,0.9954405725002289,1,1
597,1,0.888338,0.9994058609008788,0.943871945142746,1,1
598,1,0.78342247,0.999991536140442,0.8917070031166077,1,1
599,1,0.9988619,0.9998052716255188,0.9993335902690887,1,1
600,1,0.92120665,0.9936275482177734,0.9574171006679535,1,1
601,1,0.9455232,0.9999406337738036,0.9727319180965424,1,1
602,1,0.9876347,0.9999825954437256,0.9938086569309235,1,1
603,1,0.99582976,0.9997193217277528,0.9977745413780212,1,1
604,1,0.9290113,0.9996297359466552,0.9643205106258392,1,1
605,1,0.9578911,0.9999879598617554,0.9789395332336426,1,1
606,1,0.97217846,0.999664545059204,0.9859215021133423,1,1
607,1,0.99555004,0.9687600135803224,0.9821550250053406,1,1
608,1,0.90006405,0.9991312623023988,0.9495976567268372,1,1
609,1,0.9806753,0.9968277812004088,0.9887515306472778,1,1
610,1,0.99796766,0.9996547698974608,0.9988112151622772,1,1
611,1,0.98969996,0.9994134902954102,0.994556725025177,1,1
612,1,0.9937773,0.9990237951278688,0.9964005351066589,1,1
613,1,0.85603195,0.9993098974227904,0.9276709258556366,1,1
614,1,0.9743422,0.9995871186256408,0.9869646728038788,1,1
615,1,0.94925517,0.9999767541885376,0.9746159613132477,1,1
616,1,0.9903516,0.9934574961662292,0.9919045567512512,1,1
617,1,0.980641,0.9997034668922424,0.9901722371578217,1,1
618,1,0.99899846,0.9996778964996338,0.9993381798267365,1,1
619,1,0.60106176,0.99955016374588,0.800305962562561,1,1
620,1,0.9697696,0.9999721050262452,0.9848708510398865,1,1
621,1,0.90134597,0.9999741315841676,0.9506600499153137,1,1
622,1,0.5952004,0.5114555954933167,0.5533280074596405,1,1
623,1,0.9874512,0.999839186668396,0.993645191192627,1,1
624,1,0.99823004,0.9997287392616272,0.998979389667511,1,1
625,1,0.9373042,0.9989933371543884,0.9681487679481506,1,1
626,1,0.9950001,0.9990082383155824,0.9970041811466217,1,1
627,1,0.99016005,0.999241828918457,0.9947009384632111,1,1
628,1,0.99629813,0.9999822378158568,0.9981401860713959,1,1
629,1,0.958355,0.9998223185539246,0.9790886640548706,1,1
630,1,0.9645077,0.9998427629470824,0.9821752309799194,1,1
631,1,0.9015248,0.9999343156814576,0.9507295489311218,1,1
632,1,0.9816927,0.9999042749404908,0.9907984733581543,1,1
633,1,0.99765944,0.9994717240333556,0.9985655844211578,1,1
634,1,0.99543,0.9997193217277528,0.997574657201767,1,1
635,1,0.906223,0.9987396597862244,0.9524813294410706,1,1
636,1,0.99373156,0.9979762434959412,0.9958539009094238,1,1
637,1,0.99743336,0.9996669292449952,0.998550146818161,1,1
638,1,0.6867209,0.9999910593032836,0.8433559834957123,1,1
639,1,0.95997465,0.968512237071991,0.9642434418201447,1,1
640,1,0.85728365,0.9999091625213624,0.9285964071750641,1,1
641,1,0.8974649,0.9998570680618286,0.9486609697341919,1,1
642,1,0.9966973,0.9995009899139404,0.998099148273468,1,1
643,0,0.037198115,0.99993634223938,0.5185672286897898,1,1
644,1,0.93680656,0.999786913394928,0.9682967364788055,1,1
645,1,0.54384434,0.9870688915252686,0.7654566168785095,1,1
646,1,0.99380565,0.3606165051460266,0.6772110760211945,1,1
647,1,0.9938646,0.9987762570381165,0.9963204264640808,1,1
648,1,0.9993525,0.9966026544570924,0.9979775846004486,1,1
649,1,0.9842482,0.999985933303833,0.9921170771121979,1,1
650,1,0.91775274,0.9912176728248596,0.9544852077960968,1,1
651,1,0.8492425,0.9998552799224854,0.9245488941669464,1,1
652,0,0.45306122,0.9999593496322632,0.7265102863311768,1,1
653,1,0.9476751,0.9999372959136964,0.9738062024116516,1,1
654,1,0.99449867,0.9950377345085144,0.9947682023048401,1,1
655,1,0.9764964,0.999952793121338,0.988224595785141,1,1
656,0,0.40203223,0.8782941699028015,0.6401631981134415,1,1
657,1,0.9515223,0.9985546469688416,0.975038468837738,1,1
658,1,0.6883373,0.9999271631240844,0.8441322445869446,1,1
659,1,0.9992955,0.9986305236816406,0.9989629983901978,1,1
660,1,0.99004185,0.998740255832672,0.9943910539150238,1,1
661,1,0.9426487,0.9999227523803712,0.9712857306003571,1,1
662,1,0.98608077,0.9999985694885254,0.9930396676063538,1,1
663,1,0.95062834,0.9802363514900208,0.965432345867157,1,1
664,1,0.99896765,0.9928733110427856,0.9959204792976379,1,1
665,1,0.9649235,0.9995810389518738,0.9822522699832916,1,1
666,1,0.9867048,0.9998511075973512,0.9932779669761658,1,1
667,1,0.99193937,0.999041736125946,0.995490550994873,1,1
668,1,0.9964978,0.9992017149925232,0.9978497624397278,1,1
669,1,0.97470516,0.9813360571861268,0.9780206084251404,1,1
670,0,0.29714403,0.9966147541999816,0.6468793898820877,1,1
671,1,0.96851784,0.9959267377853394,0.9822222888469696,1,1
672,1,0.7078134,0.9999783039093018,0.8538958430290222,1,1
673,1,0.9976476,0.9992926120758056,0.9984700977802277,1,1
674,1,0.97088844,0.9621734023094176,0.9665309190750122,1,1
675,1,0.623525,0.4017248749732971,0.5126249492168427,1,1
676,1,0.9293766,0.999789535999298,0.9645830690860748,1,1
677,1,0.9212299,0.9998264908790588,0.9605281949043274,1,1
678,1,0.9900242,0.9997795224189758,0.9949018657207489,1,1
679,1,0.9951879,0.9947094917297364,0.99494868516922,1,1
680,1,0.9496747,0.5070713758468628,0.7283730506896973,1,1
681,0,0.21467863,0.4990278482437134,0.3568532392382622,0,1
682,1,0.70596254,0.9992461204528807,0.852604329586029,1,1
683,1,0.9681861,0.999993085861206,0.984089583158493,1,1
684,1,0.9571963,0.982803225517273,0.969999760389328,1,1
685,1,0.88264745,0.9999005794525146,0.9412740170955658,1,1
686,1,0.7475052,0.9997714161872864,0.8736383020877838,1,1
687,1,0.9410767,0.9999849796295166,0.9705308377742767,1,1
688,1,0.9854473,0.9972495436668396,0.9913484156131744,1,1
689,1,0.7872646,0.9997739195823668,0.893519252538681,1,1
690,1,0.98555017,0.9980648159980774,0.9918074905872345,1,1
691,1,0.96939117,0.9999862909317015,0.9846887290477753,1,1
692,1,0.58725196,9.691715240478516e-05,0.29367443919181824,0,1
693,1,0.59167683,0.9999815225601196,0.795829176902771,1,1
694,1,0.71884364,0.2512147426605224,0.4850291907787323,0,1
695,1,0.94036967,0.9512521028518676,0.9458108842372894,1,1
696,1,0.99047685,0.9972327351570128,0.9938547909259796,1,1
697,1,0.89269114,0.9994184970855712,0.9460548162460327,1,1
698,1,0.9114952,0.9997798800468444,0.9556375443935394,1,1
699,1,0.8897633,0.9996449947357178,0.9447041451931,1,1
700,1,0.95664865,0.9999773502349854,0.9783129990100861,1,1
701,1,0.98477674,0.999967098236084,0.9923719167709351,1,1
702,1,0.9680148,0.9997342228889464,0.983874499797821,1,1
703,1,0.99600524,0.9993956089019777,0.997700423002243,1,1
704,1,0.9912111,0.999812662601471,0.9955118894577026,1,1
705,1,0.9995752,0.9998533725738524,0.9997142851352692,1,1
706,1,0.6300709,0.9999021291732788,0.814986526966095,1,1
707,1,0.9830253,0.9997639060020448,0.9913946092128754,1,1
708,0,0.43590254,0.0182716250419616,0.22708708047866819,0,1
709,1,0.99930346,0.3595362901687622,0.6794198751449585,1,1
710,1,0.9842584,0.9993641972541808,0.9918113052845001,1,1
711,1,0.9944823,0.9966400861740112,0.9955611824989319,1,1
712,1,0.99502546,0.0010647177696228,0.49804508686065674,0,1
713,1,0.90777177,0.0046297907829284,0.4562007784843444,0,1
714,0,0.4900482,0.4333327412605285,0.4616904705762863,0,1
715,1,0.8869221,0.06795334815979,0.47743773460388184,0,1
716,1,0.9997968,0.9986955523490906,0.9992461800575256,1,1
717,1,0.9875707,0.9939946532249452,0.9907826781272888,1,1
718,1,0.9944258,0.9932138919830322,0.9938198328018188,1,1
719,1,0.5216285,0.0001386404037475,0.26088356971740717,0,1
720,1,0.9801865,0.9847336411476136,0.982460081577301,1,1
721,1,0.99947387,0.9992128610610962,0.9993433654308319,1,1
722,1,0.97006917,0.999992609024048,0.9850308895111084,1,1
723,1,0.9934657,0.9970335960388184,0.9952496588230133,1,1
724,1,0.99904054,0.997648298740387,0.9983444213867188,1,1
725,1,0.9868569,0.9993714690208436,0.993114173412323,1,1
726,0,0.22317845,0.0229021310806274,0.12304028868675229,0,1
727,1,0.9854181,0.9989282488822936,0.9921731650829315,1,1
728,1,0.9929669,0.9997381567955016,0.9963525235652924,1,1
729,1,0.992174,0.9998973608016968,0.9960356950759888,1,1
730,1,0.62698275,0.9999659061431884,0.8134743273258209,1,1
731,1,0.99158293,0.9999675750732422,0.9957752525806427,1,1
732,1,0.9745847,0.9065501689910888,0.9405674338340759,1,1
733,1,0.95713884,0.9977424144744872,0.9774406254291534,1,1
734,1,0.9988838,0.9991419315338136,0.9990128576755524,1,1
735,1,0.91907984,0.9999655485153198,0.9595226943492889,1,1
736,1,0.97943056,0.9997699856758118,0.989600270986557,1,1
737,1,0.99021894,0.9998632669448853,0.9950411021709442,1,1
738,1,0.99553645,0.999473750591278,0.9975050985813141,1,1
739,1,0.5954554,0.999887228012085,0.7976713180541992,1,1
740,1,0.9982596,0.9998635053634644,0.9990615546703339,1,1
741,1,0.85648835,0.9997022747993468,0.9280953109264374,1,1
742,1,0.9630684,0.9988124370574952,0.98094043135643,1,1
743,1,0.7188416,0.6797797083854675,0.6993106603622437,1,1
744,1,0.99450713,0.9996836185455322,0.997095376253128,1,1
745,1,0.9997737,0.9948751330375672,0.9973244071006775,1,1
746,1,0.9817644,0.9998316764831544,0.9907980263233185,1,1
747,1,0.87078065,0.9999701976776124,0.9353754222393036,1,1
748,1,0.64652306,0.9994812607765198,0.8230021595954895,1,1
749,1,0.9600498,0.9998268485069276,0.9799383282661438,1,1
750,1,0.9954145,0.9995068311691284,0.997460663318634,1,1
751,1,0.97253865,0.9994818568229676,0.9860102534294128,1,1
752,1,0.9954211,0.9995285272598268,0.9974748194217682,1,1
753,1,0.9252485,0.9997758269309998,0.9625121653079987,1,1
754,1,0.7289511,0.9999679327011108,0.8644595146179199,1,1
755,1,0.96925014,0.9993466734886168,0.9842984080314636,1,1
756,1,0.9728061,0.9993478655815125,0.9860769808292389,1,1
757,1,0.868813,0.9998408555984496,0.9343269169330597,1,1
758,1,0.98209214,0.0005283951759338,0.4913102686405182,0,1
759,0,0.40242845,0.9982884526252748,0.7003584504127502,1,1
760,1,0.99484694,0.9999072551727296,0.9973770976066589,1,1
761,1,0.9940362,0.9989752769470216,0.9965057373046875,1,1
762,1,0.94758993,0.9974307417869568,0.9725103378295898,1,1
763,1,0.98564804,0.999845027923584,0.9927465319633484,1,1
764,0,0.42834532,0.9999408721923828,0.7141430974006653,1,1
765,1,0.97351587,0.999953031539917,0.9867344498634338,1,1
766,1,0.9984982,0.3390927314758301,0.6687954664230347,1,1
767,1,0.9973448,0.9998015761375428,0.9985731840133667,1,1
768,1,0.9990841,0.9998453855514526,0.999464750289917,1,1
769,1,0.99852115,0.9407477378845216,0.9696344435214996,1,1
770,1,0.9941618,0.9995540976524352,0.9968579411506653,1,1
771,1,0.9832373,0.999746024608612,0.9914916753768921,1,1
772,1,0.97587264,0.9998025298118592,0.9878375828266144,1,1
773,1,0.99185294,0.9992172718048096,0.9955351054668427,1,1
774,1,0.71420467,0.9995985627174376,0.856901615858078,1,1
775,1,0.6382825,0.9813113808631896,0.809796929359436,1,1
776,1,0.9914895,0.99970942735672,0.9955994784832001,1,1
777,1,0.9939826,0.9903283715248108,0.9921554923057556,1,1
778,1,0.995086,0.9998151659965516,0.997450590133667,1,1
779,1,0.94852394,0.999387264251709,0.9739556014537811,1,1
780,1,0.96366507,0.9998120665550232,0.9817385673522949,1,1
781,1,0.9842791,0.9998873472213744,0.9920832216739655,1,1
782,1,0.8361641,0.9985217452049256,0.9173429310321808,1,1
783,1,0.9228527,0.9997770190238952,0.961314857006073,1,1
784,1,0.98525757,0.9999107122421264,0.9925841391086578,1,1
785,1,0.99419385,0.9986555576324464,0.9964247047901154,1,1
786,1,0.999553,0.9985949397087096,0.9990739822387695,1,1
787,1,0.9990626,0.9990390539169312,0.9990508258342743,1,1
788,1,0.9951781,0.2477572560310363,0.6214676797389984,1,1
789,1,0.96999633,0.9999862909317015,0.9849913120269775,1,1
790,1,0.89301634,0.9997486472129822,0.9463824927806854,1,1
791,1,0.97588646,0.9984443783760072,0.9871654212474823,1,1
792,1,0.9893617,0.9999508857727052,0.9946562945842743,1,1
793,1,0.8837686,0.999826729297638,0.94179767370224,1,1
794,1,0.8648762,0.9999842643737792,0.932430237531662,1,1
795,1,0.8152688,0.9998304843902588,0.907549649477005,1,1
796,1,0.9978319,0.999366581439972,0.9985992312431335,1,1
797,1,0.6575389,0.0152062773704528,0.3363725841045379,0,1
798,1,0.98748463,0.9999027252197266,0.9936936795711517,1,1
799,1,0.9948612,0.9999058246612548,0.9973835051059723,1,1
800,1,0.97748804,0.9973065853118896,0.987397313117981,1,1
801,1,0.9582266,0.9999419450759888,0.9790842831134796,1,1
802,1,0.9867186,0.9279540181159972,0.9573363065719604,1,1
803,1,0.5647132,0.9996730089187622,0.7821930944919586,1,1
804,1,0.98652947,0.9986037611961364,0.9925666153430939,1,1
805,1,0.99934,0.9975679516792296,0.9984539747238159,1,1
806,1,0.6440056,0.9999001026153564,0.8219528496265411,1,1
807,1,0.99165726,0.9952576756477356,0.9934574663639069,1,1
808,1,0.7089377,0.9995552897453308,0.8542464971542358,1,1
809,1,0.5231762,0.9999819993972778,0.7615790963172913,1,1
810,1,0.9987348,0.999572455883026,0.9991536140441895,1,1
811,1,0.8160096,0.999438464641571,0.9077240228652954,1,1
812,1,0.9912185,0.99940288066864,0.9953106939792633,1,1
813,1,0.8478143,0.6421055793762207,0.7449599504470825,1,1
814,1,0.6272276,0.9997897744178772,0.8135086894035339,1,1
815,1,0.5108961,0.0089563131332397,0.2599261999130249,0,1
816,1,0.99689865,0.9996393918991088,0.9982690215110779,1,1
817,1,0.9985638,0.9997259974479676,0.9991449117660522,1,1
818,1,0.99400854,0.9997050166130066,0.9968567788600922,1,1
819,1,0.9973717,0.9956641793251038,0.9965179264545441,1,1
820,1,0.9972204,0.9998661279678344,0.9985432624816895,1,1
821,1,0.9957813,0.9988971948623656,0.9973392486572266,1,1
822,1,0.8899778,0.9997130036354064,0.9448454082012177,1,1
823,1,0.96156317,0.9999285936355592,0.9807458817958832,1,1
824,1,0.69761395,0.080787718296051,0.3892008364200592,0,1
825,0,0.3409724,0.9995940327644348,0.6702832132577896,1,1
826,1,0.99482864,0.9993528723716736,0.997090756893158,1,1
827,1,0.9727045,0.999088168144226,0.9858963489532471,1,1
828,1,0.9838038,0.9994480013847352,0.9916259050369263,1,1
829,1,0.9995116,0.9912657141685486,0.9953886568546295,1,1
830,1,0.68234044,0.0117899179458618,0.34706518054008484,0,1
831,1,0.99637955,0.9966829419136048,0.9965312480926514,1,1
832,1,0.84351194,0.9998564720153807,0.921684205532074,1,1
833,1,0.9967409,0.9999912977218628,0.9983660876750946,1,1
834,1,0.9849716,0.9943556785583496,0.9896636307239532,1,1
835,1,0.998973,0.9998825788497924,0.9994277954101562,1,1
836,1,0.98993075,0.9971128702163696,0.9935218095779419,1,1
837,1,0.99277097,0.9987645149230956,0.995767742395401,1,1
838,1,0.99899274,0.9998908042907716,0.9994417726993561,1,1
839,1,0.97899044,0.9992269277572632,0.989108681678772,1,1
840,1,0.9569216,0.9999827146530152,0.9784521460533142,1,1
841,1,0.90563136,0.9999196529388428,0.9527755081653595,1,1
842,1,0.9834072,0.3208139538764953,0.6521105766296387,1,1
843,1,0.94993705,0.9963732361793518,0.97315514087677,1,1
844,1,0.9933888,0.9989042282104492,0.9961465001106262,1,1
845,1,0.9421909,0.9988918900489808,0.970541387796402,1,1
846,1,0.53164536,0.999893069267273,0.7657692134380341,1,1
847,1,0.79498357,0.9999237060546876,0.897453635931015,1,1
848,1,0.9609872,0.9960606694221495,0.9785239398479462,1,1
849,1,0.9869652,0.9998900890350342,0.9934276342391968,1,1
850,1,0.75125957,0.9953010082244872,0.8732802867889404,1,1
851,1,0.9807091,0.9999359846115112,0.9903225302696228,1,1
852,1,0.80241185,0.999774158000946,0.9010930061340332,1,1
853,0,0.24388088,0.8731880187988281,0.5585344508290291,1,1
854,1,0.7760635,0.9458483457565308,0.8609559237957001,1,1
855,1,0.9237906,0.9997573494911194,0.9617739617824554,1,1
856,1,0.9887917,0.9999778270721436,0.994384765625,1,1
857,0,0.24974015,0.9999130964279176,0.6248266249895096,1,1
858,1,0.99892765,0.9998455047607422,0.9993865787982941,1,1
859,1,0.6274818,0.9998284578323364,0.8136551380157471,1,1
860,1,0.9919624,0.9996867179870604,0.995824545621872,1,1
861,1,0.9322734,0.999907374382019,0.9660903811454773,1,1
862,1,0.90698236,0.0002958178520202,0.4536390900611877,0,1
863,1,0.5161888,0.9997970461845398,0.7579929232597351,1,1
864,1,0.9687668,0.5812844038009644,0.7750256061553955,1,1
865,1,0.9981211,0.9992402791976928,0.9986806809902191,1,1
866,1,0.9735285,0.999985694885254,0.9867570996284485,1,1
867,1,0.9111673,0.9995406866073608,0.9553540050983429,1,1
868,1,0.52368855,0.9993379712104796,0.7615132629871368,1,1
869,1,0.94411606,0.0047074556350708,0.4744117558002472,0,1
870,1,0.9671223,0.9999772310256958,0.9835497736930847,1,1
871,1,0.7910353,0.999822437763214,0.895428866147995,1,1
872,1,0.996525,0.9995940327644348,0.9980595111846924,1,1
873,1,0.9452812,0.9998956918716432,0.972588449716568,1,1
874,1,0.9796082,0.9961699843406676,0.9878890812397003,1,1
875,1,0.59681386,0.0001016855239868,0.2984577715396881,0,1
876,1,0.9837384,0.9998477697372437,0.9917930960655212,1,1
877,1,0.99913365,0.999895453453064,0.9995145499706268,1,1
878,1,0.9950405,0.9998136162757874,0.9974270462989807,1,1
879,1,0.95004505,0.9998941421508788,0.9749695956707001,1,1
880,1,0.90325737,0.999982476234436,0.9516199231147766,1,1
881,1,0.81901807,0.9994863271713256,0.9092521965503693,1,1
882,1,0.50460595,0.9999710321426392,0.7522884905338287,1,1
883,1,0.9885067,0.9996570348739624,0.9940818548202515,1,1
884,1,0.98734146,0.9998233914375304,0.9935824275016785,1,1
885,1,0.9967595,0.997138738632202,0.9969491064548492,1,1
886,1,0.968049,0.9998384714126588,0.9839437305927277,1,1
887,0,0.30635563,0.9935235977172852,0.6499396115541458,1,1
888,1,0.69115967,0.9985933899879456,0.8448765277862549,1,1
889,1,0.9643651,0.9996777772903442,0.9820214509963989,1,1
890,1,0.9944931,0.9999121427536012,0.9972026348114014,1,1
891,1,0.93369824,0.9999117851257324,0.9668050110340118,1,1
892,1,0.9980155,0.9991459846496582,0.9985807538032532,1,1
893,1,0.999699,0.9171608090400696,0.9584299027919769,1,1
894,0,0.21675092,0.9999734163284302,0.6083621680736542,1,1
895,1,0.9939348,0.9990590214729308,0.9964969158172607,1,1
896,0,0.23218843,0.999890923500061,0.6160396784543991,1,1
897,1,0.99900657,0.998630702495575,0.9988186359405518,1,1
898,1,0.98807293,0.9999845027923584,0.9940287172794342,1,1
899,1,0.9991084,0.9998034834861756,0.9994559288024902,1,1
900,1,0.9085759,0.9927445650100708,0.950660228729248,1,1
901,1,0.99185044,0.9998076558113098,0.9958290457725525,1,1
902,1,0.93683636,0.9999877214431764,0.9684120416641235,1,1
903,1,0.9952632,0.9923892617225648,0.9938262403011322,1,1
904,1,0.9401186,0.9999940395355223,0.9700563251972198,1,1
905,1,0.98107874,0.9999310970306396,0.9905049204826355,1,1
906,1,0.99889576,0.9903693795204164,0.9946325719356537,1,1
907,0,0.25580043,0.9999189376831056,0.6278596818447113,1,1
908,1,0.91239053,0.99994957447052,0.9561700522899628,1,1
909,0,0.48717907,0.9993500113487244,0.7432645410299301,1,1
910,1,0.9813405,0.9999212026596068,0.9906308650970459,1,1
911,1,0.9852386,0.7662941217422485,0.8757663667201996,1,1
912,1,0.9991565,0.9995055198669434,0.999330997467041,1,1
913,1,0.98901623,0.9974735379219056,0.9932448863983154,1,1
914,1,0.86481404,0.9997425675392152,0.9322783052921295,1,1
915,1,0.98720866,0.9999673366546632,0.993588000535965,1,1
916,1,0.92197675,0.9939066767692566,0.9579417109489441,1,1
917,1,0.98434305,0.9999748468399048,0.9921589493751526,1,1
918,1,0.9949633,0.3231298923492431,0.6590465903282166,1,1
919,1,0.9989004,0.9990713596343994,0.9989858865737915,1,1
920,1,0.6539543,0.4497085809707641,0.55183145403862,1,1
921,1,0.99611205,0.5546026229858398,0.7753573358058929,1,1
922,0,0.2755181,0.9991211295127868,0.6373196095228195,1,1
923,1,0.9932526,0.9998446702957152,0.9965486228466034,1,1
924,1,0.99107987,0.9822192192077636,0.9866495430469513,1,1
925,1,0.8191188,0.6078306436538696,0.7134747207164764,1,1
926,1,0.8312779,0.9999418258666992,0.9156098663806915,1,1
927,1,0.8529978,0.9997130036354064,0.926355391740799,1,1
928,0,0.1326439,0.0100793838500976,0.07136163860559461,0,1
929,1,0.98440427,0.999968647956848,0.9921864569187164,1,1
930,1,0.9507053,0.999604880809784,0.9751550853252411,1,1
931,1,0.9975237,0.999416708946228,0.9984702169895172,1,1
932,1,0.9465796,0.3886172175407409,0.6675983965396881,1,1
933,1,0.81667876,0.9967370629310608,0.9067079126834869,1,1
934,1,0.99673057,0.9999558925628662,0.9983432292938232,1,1
935,1,0.9786894,0.9998388290405272,0.9892641007900238,1,1
936,1,0.6158567,0.9977771639823914,0.8068169355392456,1,1
937,1,0.9990953,0.9996707439422609,0.9993830323219299,1,1
938,1,0.9702519,0.9999704360961914,0.9851111769676208,1,1
939,1,0.5855705,0.998119294643402,0.79184490442276,1,1
940,1,0.98634094,0.9998531341552734,0.9930970370769501,1,1
941,1,0.97904944,0.9999222755432128,0.9894858598709106,1,1
942,1,0.956951,0.9999531507492064,0.9784520864486694,1,1
943,1,0.99651897,0.9997276663780212,0.9981233179569244,1,1
944,1,0.9968749,0.996807098388672,0.9968410134315491,1,1
945,1,0.98678094,0.9957749247550964,0.9912779331207275,1,1
946,1,0.9923028,0.999702513217926,0.9960026443004608,1,1
947,1,0.9863616,0.9996032118797302,0.992982417345047,1,1
948,1,0.77081233,0.9999620914459229,0.8853872120380402,1,1
949,1,0.99882513,0.9998739957809448,0.9993495643138885,1,1
950,1,0.9966084,0.9999186992645264,0.9982635378837585,1,1
951,1,0.76076275,0.6532123684883118,0.7069875597953796,1,1
952,1,0.94271594,0.9988162517547609,0.9707660973072052,1,1
953,1,0.99114394,0.9995408058166504,0.9953423738479614,1,1
954,0,0.16515201,0.9999908208847046,0.582571417093277,1,1
955,1,0.9986065,0.9998213648796082,0.9992139339447021,1,1
956,1,0.99907494,0.9994080066680908,0.9992414712905884,1,1
957,1,0.98705983,0.999984860420227,0.9935223460197449,1,1
958,1,0.99905926,0.9993788003921508,0.9992190301418304,1,1
959,1,0.9851628,0.9995905756950378,0.9923766851425171,1,1
960,1,0.6191286,0.9999266862869264,0.8095276355743408,1,1
961,1,0.99588436,0.9959927201271056,0.9959385395050049,1,1
962,1,0.8346584,0.9999135732650756,0.9172859787940979,1,1
963,1,0.9812036,0.9999860525131226,0.9905948340892792,1,1
964,1,0.6262799,0.9974608421325684,0.8118703663349152,1,1
965,1,0.9977375,0.9998093247413636,0.9987734258174896,1,1
966,1,0.90117854,0.279646098613739,0.5904123187065125,1,1
967,1,0.9987431,0.9997355341911316,0.9992393255233765,1,1
968,1,0.95891666,0.9865054488182068,0.972711056470871,1,1
969,1,0.9981779,0.9999635219573976,0.9990707039833069,1,1
970,1,0.98991394,0.9997045397758484,0.9948092401027679,1,1
971,1,0.99961865,0.9995061159133912,0.9995623826980591,1,1
972,1,0.9853103,0.0004536509513854,0.4928819835186004,0,1
973,1,0.9877257,0.9999290704727172,0.9938273727893829,1,1
974,1,0.99872357,0.998200535774231,0.998462051153183,1,1
975,1,0.9983071,0.9984692931175232,0.9983882009983063,1,1
976,1,0.86838955,0.9999121427536012,0.9341508448123932,1,1
977,0,0.28362647,0.9999639987945556,0.6417952328920364,1,1
978,1,0.93199134,0.9999690055847168,0.9659801721572876,1,1
979,1,0.9329985,0.9995542168617249,0.9662763476371765,1,1
980,1,0.9057625,0.9998847246170044,0.9528236091136932,1,1
981,1,0.5968218,0.9996719360351562,0.7982468605041504,1,1
982,1,0.9978243,0.9992043375968932,0.998514324426651,1,1
983,1,0.8660802,1.3709068298339844e-05,0.43304696679115295,0,1
984,1,0.9792324,0.999742329120636,0.98948734998703,1,1
985,1,0.971187,0.9998111128807068,0.9854990541934967,1,1
986,1,0.92877,0.9996424913406372,0.9642062485218048,1,1
987,1,0.9788831,0.9999793767929076,0.989431232213974,1,1
988,1,0.99510586,0.999942421913147,0.9975241422653198,1,1
989,1,0.99847513,0.998537540435791,0.9985063374042511,1,1
990,1,0.9890252,0.9965716600418092,0.9927984178066254,1,1
991,1,0.9871545,0.9985368251800536,0.9928456544876099,1,1
992,1,0.9988865,0.9996209144592284,0.9992537200450897,1,1
993,1,0.89323455,0.9997400641441344,0.946487307548523,1,1
994,1,0.94463676,0.9995966553688048,0.9721167087554932,1,1
995,1,0.9893901,0.9995777010917664,0.9944838881492615,1,1
996,1,0.9946985,0.9983054399490356,0.9965019822120667,1,1
997,1,0.7546337,0.9998658895492554,0.8772498071193695,1,1
998,1,0.9843997,0.9995864033699036,0.9919930398464203,1,1
999,1,0.9893929,0.9995324611663818,0.9944626688957214,1,1
1000,0,0.479883,0.0016170740127563,0.24075002968311307,0,1
1001,1,0.9995732,0.9980990290641784,0.998836100101471,1,1
1002,1,0.99251384,0.998483955860138,0.9954988956451416,1,1
1003,1,0.99791783,0.9997144341468812,0.9988161325454712,1,1
1004,1,0.9948586,0.9985421895980836,0.9967004060745239,1,1
1005,1,0.5883692,0.9999722242355348,0.7941707074642181,1,1
1006,1,0.98116744,0.9994832277297974,0.9903253316879272,1,1
1007,1,0.6506595,0.999942660331726,0.8253010809421539,1,1
1008,1,0.9526194,0.9911008477211,0.9718601107597351,1,1
1009,1,0.86613667,0.9999802112579346,0.9330584406852722,1,1
1010,1,0.8973027,0.9998631477355956,0.9485829174518585,1,1
1011,1,0.9995436,0.9998972415924072,0.999720424413681,1,1
1012,1,0.9962071,0.9998711347579956,0.9980391263961792,1,1
1013,1,0.98764706,0.9813892245292664,0.9845181405544281,1,1
1014,1,0.99782026,0.9995071887969972,0.9986637234687805,1,1
1015,1,0.99614894,0.9992117881774902,0.9976803660392761,1,1
1016,1,0.7514124,0.9992807507514954,0.8753465712070465,1,1
1017,1,0.9448415,0.9901691675186156,0.9675053358078003,1,1
1018,1,0.9765304,0.9999808073043824,0.9882555902004242,1,1
1019,1,0.7670096,0.9996259212493896,0.883317768573761,1,1
1020,1,0.9959495,0.9999769926071168,0.9979632496833801,1,1
1021,1,0.9877558,0.9989196062088012,0.9933376908302307,1,1
1022,1,0.9551364,0.999993085861206,0.9775647521018982,1,1
1023,1,0.8643584,0.9576497673988342,0.9110040962696075,1,1
1024,1,0.99855036,0.9987019300460817,0.9986261427402496,1,1
1025,1,0.98860514,0.9998644590377808,0.9942348003387451,1,1
1026,1,0.9909643,0.9999550580978394,0.9954596757888794,1,1
1027,1,0.8726607,0.9992371797561646,0.9359489381313324,1,1
1028,1,0.92652106,0.999594509601593,0.9630577862262726,1,1
1029,1,0.8825389,0.9993552565574646,0.9409470856189728,1,1
1030,1,0.99395955,0.9997358918190002,0.9968477189540863,1,1
1031,1,0.99194485,0.9995904564857484,0.9957676529884338,1,1
1032,1,0.9933936,0.9999676942825316,0.9966806471347809,1,1
1033,1,0.95860463,0.9995747208595276,0.9790896773338318,1,1
1034,1,0.918118,0.9999624490737916,0.9590402245521545,1,1
1035,1,0.9990196,0.9998749494552612,0.9994472861289978,1,1
1036,1,0.92273915,0.9997279047966005,0.961233526468277,1,1
1037,1,0.53513473,0.999980926513672,0.767557829618454,1,1
1038,1,0.5113813,0.9996989965438844,0.7555401623249054,1,1
1039,1,0.9995383,0.9997664093971252,0.9996523559093475,1,1
1040,1,0.7771053,0.9999940395355223,0.8885496556758881,1,1
1041,1,0.9974674,0.9998475313186646,0.9986574649810791,1,1
1042,1,0.936247,0.9990768432617188,0.9676619172096252,1,1
1043,1,0.9513878,0.9996559619903564,0.9755218923091888,1,1
1044,1,0.9982173,0.9999642372131348,0.9990907609462738,1,1
1045,1,0.9905618,0.999664306640625,0.9951130449771881,1,1
1046,1,0.9956917,0.9999293088912964,0.9978105127811432,1,1
1047,1,0.9963941,0.9997329115867616,0.9980635046958923,1,1
1048,1,0.8950835,0.9967346787452698,0.9459090828895569,1,1
1049,1,0.93265027,0.998319923877716,0.9654850959777832,1,1
1050,0,0.120656595,0.9999154806137084,0.5602860376238823,1,1
1051,1,0.9907391,0.9996325969696044,0.9951858520507812,1,1
1052,1,0.98235565,0.0011003017425537,0.4917279779911041,0,1
1053,1,0.9168673,0.999778926372528,0.9583231210708618,1,1
1054,1,0.89187986,0.999897003173828,0.9458884298801422,1,1
1055,1,0.5633707,0.9999831914901732,0.7816769480705261,1,1
1056,1,0.5203961,0.9995321035385132,0.759964108467102,1,1
1057,1,0.98841804,0.9979604482650756,0.9931892454624176,1,1
1058,1,0.7708154,0.9999790191650392,0.88539719581604,1,1
1059,1,0.99492943,0.000157356262207,0.4975433945655823,0,1
1060,1,0.99031115,0.9997904896736144,0.9950508177280426,1,1
1061,1,0.9963737,0.9960811734199524,0.9962274432182312,1,1
1062,1,0.9913686,0.9998334646224976,0.9956010282039642,1,1
1063,1,0.9245196,0.9998239874839784,0.9621717929840088,1,1
1064,1,0.8973235,0.9995033740997314,0.9484134316444397,1,1
1065,1,0.99686736,0.9997227787971495,0.9982950687408447,1,1
1066,1,0.9824786,0.9991620779037476,0.9908203482627869,1,1
1067,1,0.94719434,0.9995604157447816,0.9733773767948151,1,1
1068,1,0.9258364,0.9988625049591064,0.9623494446277618,1,1
1069,1,0.97009754,0.9999020099639891,0.9849997758865356,1,1
1070,1,0.8288833,0.9887646436691284,0.9088239669799805,1,1
1071,1,0.995443,0.9854825735092164,0.9904627799987793,1,1
1072,1,0.9564691,0.9996882677078248,0.978078693151474,1,1
1073,1,0.99920636,0.9998249411582948,0.9995156526565552,1,1
1074,0,0.22409134,0.9081518054008484,0.5661215707659721,1,1
1075,1,0.86889684,0.9999548196792604,0.9344258308410645,1,1
1076,1,0.68155545,0.9996448755264282,0.8406001627445221,1,1
1077,1,0.7777967,0.9981525540351868,0.8879746198654175,1,1
1078,1,0.9939628,0.999921441078186,0.9969421327114105,1,1
1079,1,0.9979366,0.9990710020065308,0.9985038042068481,1,1
1080,1,0.9969652,0.9571414589881896,0.9770533442497253,1,1
1081,1,0.9888566,0.9984265565872192,0.993641585111618,1,1
1082,1,0.92630655,0.9997929930686952,0.9630497694015503,1,1
1083,1,0.5157758,0.0418166518211364,0.27879622578620905,0,1
1084,1,0.92099404,0.9998579025268556,0.9604259729385376,1,1
1085,1,0.5243954,0.9987832903862,0.7615893483161926,1,1
1086,1,0.9963515,0.9991266131401062,0.9977390468120575,1,1
1087,1,0.5376136,0.9983624815940856,0.7679880261421204,1,1
1088,1,0.8126163,0.9826629161834716,0.8976396024227142,1,1
1089,1,0.91010153,0.999975323677063,0.9550384283065796,1,1
1090,1,0.98902625,0.9996277093887328,0.9943269789218903,1,1
1091,1,0.98350996,0.9975098371505736,0.9905098974704742,1,1
1092,1,0.9966053,0.9925358295440674,0.9945705533027649,1,1
1093,1,0.9996966,0.999637484550476,0.9996670484542847,1,1
1094,1,0.69162995,0.9982740879058838,0.8449520170688629,1,1
1095,1,0.9897626,0.999870538711548,0.9948165714740753,1,1
1096,1,0.9993401,0.9990214109420776,0.9991807639598846,1,1
1097,1,0.9868825,0.9446160197257996,0.9657492637634277,1,1
1098,1,0.93694025,0.9994120597839355,0.9681761562824249,1,1
1099,1,0.9369275,0.9998728036880492,0.9684001505374908,1,1
1100,1,0.78589076,0.999983549118042,0.8929371535778046,1,1
1101,1,0.9980392,0.5651127099990845,0.7815759479999542,1,1
1102,1,0.7223415,0.9997931122779846,0.8610672950744629,1,1
1103,1,0.8125975,0.999935507774353,0.9062665104866028,1,1
1104,1,0.98987144,0.9992870688438416,0.9945792555809021,1,1
1105,1,0.996198,0.9964019060134888,0.9962999522686005,1,1
1106,1,0.9009753,0.9993657469749452,0.9501705169677734,1,1
1107,1,0.5050667,4.9948692321777344e-05,0.25255832076072693,0,1
1108,0,0.4331225,0.000204861164093,0.2166636735200882,0,1
1109,1,0.983117,0.9987200498580932,0.9909185171127319,1,1
1110,1,0.9928282,0.9999059438705444,0.9963670670986176,1,1
1111,1,0.99905175,0.999985694885254,0.9995187222957611,1,1
1112,1,0.66134614,0.9999196529388428,0.830632895231247,1,1
1113,1,0.8964381,0.9998273253440856,0.94813272356987,1,1
1114,1,0.94205797,0.9997920393943788,0.9709250032901764,1,1
1115,0,0.31012037,0.972886085510254,0.6415032297372818,1,1
1116,1,0.9980148,0.9996565580368042,0.9988356828689575,1,1
1117,1,0.8709295,0.9998821020126344,0.9354057908058167,1,1
1118,1,0.9941771,0.9994094371795654,0.996793270111084,1,1
1119,1,0.99736375,0.9987447261810304,0.9980542361736298,1,1
1120,1,0.9325336,0.99996817111969,0.9662508964538574,1,1
1121,1,0.98684,0.9996554851531982,0.9932477474212646,1,1
1122,0,0.42818603,0.0001271963119506,0.21415661275386805,0,1
1123,1,0.99887985,0.9995673298835754,0.9992235898971558,1,1
1124,1,0.98857915,0.9683466553688048,0.9784629046916962,1,1
1125,1,0.78293335,0.751899242401123,0.7674162983894348,1,1
1126,1,0.8390319,0.9996439218521118,0.9193378984928131,1,1
1127,1,0.99625957,0.0010733008384704,0.49866643548011774,0,1
1128,1,0.9997223,0.9995470643043518,0.9996346831321716,1,1
1129,1,0.96559125,0.9984360337257384,0.9820136427879333,1,1
1130,1,0.94715893,0.9997541308403016,0.9734565317630768,1,1
1131,1,0.98663205,0.9985938668251038,0.9926129579544067,1,1
1132,1,0.86868864,0.9999680519104004,0.9343283474445343,1,1
1133,1,0.9996568,0.9999700784683228,0.999813437461853,1,1
1134,1,0.994783,0.8994846940040588,0.9471338391304016,1,1
1135,1,0.99607724,0.9996423721313475,0.9978598058223724,1,1
1136,1,0.6906889,0.9996598958969116,0.8451744019985199,1,1
1137,1,0.9805638,0.9983261227607728,0.9894449710845947,1,1
1138,1,0.99851066,0.9999639987945556,0.9992373287677765,1,1
1139,1,0.991054,0.9999626874923706,0.9955083429813385,1,1
1140,1,0.9630762,0.99994957447052,0.9815128743648529,1,1
1141,1,0.95449424,0.9998077750205994,0.9771510064601898,1,1
1142,1,0.64978445,0.999970316886902,0.8248773813247681,1,1
1143,1,0.99105656,0.9997133612632751,0.9953849613666534,1,1
1144,1,0.71123934,7.390975952148437e-06,0.35562336444854736,0,1
1145,1,0.99951744,0.999600350856781,0.9995588958263397,1,1
1146,1,0.9993031,0.9946574568748474,0.9969802796840668,1,1
1147,1,0.999134,0.9994055032730104,0.9992697536945343,1,1
1148,1,0.5258901,0.5891442894935608,0.5575172007083893,1,1
1149,1,0.80831873,0.999963402748108,0.9041410684585571,1,1
1150,1,0.9930987,0.999777376651764,0.9964380264282227,1,1
1151,1,0.5157512,0.999425768852234,0.7575884759426117,1,1
1152,1,0.826586,0.9990099668502808,0.9127979874610901,1,1
1153,1,0.980945,0.9995977282524108,0.9902713596820831,1,1
1154,1,0.988283,0.9998990297317504,0.9940910041332245,1,1
1155,1,0.7867623,0.9999761581420898,0.8933692276477814,1,1
1156,0,0.3538809,7.033348083496094e-05,0.17697562277317047,0,1
1157,1,0.98380476,0.9999337196350098,0.9918692409992218,1,1
1158,1,0.9615172,0.999761402606964,0.9806393086910248,1,1
1159,1,0.99365836,0.9993855953216552,0.9965219795703888,1,1
1160,1,0.66106105,0.9990635514259338,0.8300622999668121,1,1
1161,1,0.9784872,0.999524712562561,0.9890059530735016,1,1
1162,1,0.99997675,0.998817503452301,0.9993971288204193,1,1
1163,1,0.66582626,0.99978905916214,0.8328076601028442,1,1
1164,1,0.9976978,0.9998183846473694,0.99875807762146,1,1
1165,1,0.9516272,0.999951720237732,0.9757894575595856,1,1
1166,1,0.9948343,0.9998927116394044,0.9973635077476501,1,1
1167,1,0.9976966,0.9947080612182616,0.9962023198604584,1,1
1168,1,0.967894,0.9998077750205994,0.98385089635849,1,1
1169,1,0.6929753,0.9999871253967284,0.846481204032898,1,1
1170,1,0.96500766,0.9999191761016846,0.9824634194374084,1,1
1171,1,0.9975432,0.9996114373207092,0.9985773265361786,1,1
1172,0,0.41764808,0.9991623163223268,0.7084051966667175,1,1
1173,1,0.93633306,0.9999945163726808,0.968163788318634,1,1
1174,1,0.97833705,0.9999821186065674,0.9891595840454102,1,1
1175,1,0.9992156,0.9995686411857604,0.9993921220302582,1,1
1176,1,0.999328,0.999273955821991,0.9993009865283966,1,1
1177,0,0.4185122,0.510183572769165,0.46434788405895233,0,1
1178,1,0.99403185,0.9932034015655518,0.9936176240444183,1,1
1179,1,0.9984517,0.9994352459907532,0.9989434778690338,1,1
1180,1,0.96101975,0.9998929500579834,0.9804563522338867,1,1
1181,1,0.9935308,0.999945878982544,0.9967383444309235,1,1
1182,1,0.99896324,0.9999516010284424,0.9994574189186096,1,1
1183,0,0.30025494,0.9999643564224244,0.6501096487045288,1,1
1184,1,0.9919809,0.9995869994163512,0.9957839548587799,1,1
1185,1,0.9909462,0.9999123811721802,0.995429277420044,1,1
1186,1,0.95181423,0.9970608353614808,0.9744375348091125,1,1
1187,1,0.9936094,0.9967612624168396,0.9951853454113007,1,1
1188,1,0.98130476,0.99383544921875,0.9875701069831848,1,1
1189,1,0.67262506,0.0025572776794433,0.3375911712646484,0,1
1190,1,0.97264254,0.9997782111167908,0.9862103760242462,1,1
1191,1,0.72784334,0.9973229765892028,0.8625831604003906,1,1
1192,1,0.7458981,0.9990919828414916,0.8724950551986694,1,1
1193,1,0.88800484,0.9998037219047546,0.9439042806625366,1,1
1194,1,0.7534296,0.9982417821884156,0.8758356869220734,1,1
1195,1,0.97981894,0.9999696016311646,0.9898942708969116,1,1
1196,1,0.9789338,0.9779370427131652,0.9784354269504547,1,1
1197,1,0.98643583,0.9998339414596558,0.9931348860263824,1,1
1198,1,0.9987287,0.9962343573570251,0.9974815249443054,1,1
1199,1,0.99046236,0.9997312426567078,0.9950968027114868,1,1
1200,1,0.61174625,0.9974750876426696,0.8046106696128845,1,1
1201,1,0.66697526,0.989919900894165,0.8284475803375244,1,1
1202,1,0.9918916,0.9996834993362428,0.9957875609397888,1,1
1203,1,0.95127916,0.9852054715156556,0.9682423174381256,1,1
1204,1,0.9976115,0.9999552965164183,0.9987834095954895,1,1
1205,1,0.9406691,8.702278137207031e-06,0.4703389108181,0,1
1206,1,0.98401177,0.9950798749923706,0.9895458221435547,1,1
1207,1,0.9428661,0.9996647834777832,0.971265435218811,1,1
1208,0,0.15859677,0.0005818605422973,0.07958931475877759,0,1
1209,1,0.86535835,0.0001008510589599,0.43272960186004633,0,0
1210,0,0.020522784,3.933906555175781e-06,0.010263359174132347,0,0
1211,1,0.8960815,1.6927719116210938e-05,0.4480492174625397,0,0
1212,1,0.7989103,1.0609626770019531e-05,0.39946046471595764,0,0
1213,0,0.16651964,6.198883056640625e-06,0.08326292037963867,0,0
1214,0,0.45670825,4.0531158447265625e-06,0.22835615277290344,0,0
1215,0,0.19625984,7.987022399902344e-06,0.09813391417264938,0,0
1216,0,0.09066323,2.6226043701171875e-06,0.045332927256822586,0,0
1217,0,0.083540656,3.576278686523437e-06,0.04177211597561836,0,0
1218,1,0.617467,1.5497207641601562e-06,0.308734267950058,0,0
1219,0,0.38510364,1.156330108642578e-05,0.19255760312080383,0,0
1220,0,0.40278444,0.0036556124687194,0.20322002470493314,0,0
1221,1,0.9360029,8.344650268554688e-07,0.4680018723011017,0,0
1222,0,0.47590628,8.344650268554688e-07,0.2379535585641861,0,0
1223,0,0.036432777,1.430511474609375e-06,0.01821710355579853,0,0
1224,1,0.90718687,1.2040138244628906e-05,0.4535994529724121,0,0
1225,1,0.9279193,7.390975952148437e-06,0.4639633595943451,0,0
1226,1,0.9809061,0.9986020922660828,0.9897541105747223,1,0
1227,1,0.53961045,0.0003162622451782,0.2699633538722992,0,0
1228,0,0.1725553,1.6689300537109375e-06,0.08627848327159882,0,0
1229,0,0.23593265,3.516674041748047e-05,0.11798390746116638,0,0
1230,1,0.8812866,0.0067354440689086,0.4440110325813293,0,0
1231,0,0.24380729,1.7881393432617188e-06,0.12190453708171844,0,0
1232,0,0.16555123,3.576278686523437e-06,0.08277740329504013,0,0
1233,0,0.26416948,1.6689300537109375e-06,0.13208557665348053,0,0
1234,1,0.78427625,1.430511474609375e-05,0.3921452760696411,0,0
1235,1,0.60833544,0.0002359747886657,0.30428570508956904,0,0
1236,0,0.13186638,5.364418029785156e-06,0.06593587249517441,0,0
1237,0,0.13891542,2.1219253540039062e-05,0.06946831941604614,0,0
1238,0,0.05793002,5.960464477539062e-07,0.028965307399630547,0,0
1239,1,0.9024574,7.236003875732422e-05,0.451264888048172,0,0
1240,0,0.25297076,3.933906555175781e-06,0.1264873445034027,0,0
1241,1,0.8706026,1.0013580322265623e-05,0.4353063106536865,0,0
1242,1,0.8146605,8.344650268554688e-06,0.40733441710472107,0,0
1243,0,0.31510577,0.0001089572906494,0.15760736167430878,0,0
1244,0,0.29601002,1.6689300537109375e-06,0.14800584316253662,0,0
1245,1,0.99979883,0.0013229250907897,0.5005608797073364,1,0
1246,1,0.8955671,2.1696090698242188e-05,0.4477944076061249,0,0
1247,0,0.15742144,1.7881393432617188e-06,0.0787116140127182,0,0
1248,0,0.48584464,3.0994415283203125e-06,0.24292387068271637,0,0
1249,1,0.77882737,2.9802322387695312e-06,0.3894151747226715,0,0
1250,0,0.14184251,4.172325134277344e-06,0.0709233433008194,0,0
1251,0,0.35078466,1.2040138244628906e-05,0.1753983497619629,0,0
1252,0,0.36956137,0.00032639503479,0.18494388461112973,0,0
1253,1,0.71967685,0.0003082752227783,0.3599925637245178,0,0
1254,0,0.24344657,2.86102294921875e-06,0.12172471731901169,0,0
1255,0,0.34392634,2.9802322387695312e-05,0.17197807133197784,0,0
1256,1,0.67855275,7.152557373046875e-07,0.3392767310142517,0,0
1257,0,0.15176305,2.9802322387695312e-06,0.07588301599025726,0,0
1258,1,0.9324592,1.4662742614746094e-05,0.4662369191646576,0,0
1259,1,0.9694102,2.3603439331054688e-05,0.48471689224243164,0,0
1260,1,0.5240703,2.384185791015625e-06,0.26203635334968567,0,0
1261,1,0.73577607,3.457069396972656e-06,0.36788976192474365,0,0
1262,1,0.8536468,1.3589859008789062e-05,0.4268302023410797,0,0
1263,1,0.8939241,0.5857972502708435,0.7398606836795807,1,0
1264,0,0.035585742,0.1962730884552002,0.11592941544950008,0,0
1265,0,0.16633956,1.7881393432617188e-06,0.08317067474126816,0,0
1266,1,0.7582412,0.4722003936767578,0.6152207851409912,1,0
1267,1,0.5006225,5.960464477539062e-07,0.25031155347824097,0,0
1268,1,0.84769255,2.2530555725097656e-05,0.42385753989219666,0,0
1269,1,0.56291175,1.049041748046875e-05,0.28146111965179443,0,0
1270,1,0.9919138,2.264976501464844e-06,0.49595803022384644,0,0
1271,0,0.024886291,2.384185791015625e-06,0.012444337829947472,0,0
1272,0,0.4053464,3.576278686523437e-06,0.2026749849319458,0,0
1273,0,0.106500305,9.179115295410156e-06,0.05325474217534065,0,0
1274,1,0.80701923,2.205371856689453e-05,0.4035206437110901,0,0
1275,1,0.8593451,0.0001527070999145,0.42974889278411865,0,0
1276,0,0.2176138,5.0067901611328125e-06,0.10880940407514572,0,0
1277,1,0.9895996,0.001053512096405,0.49532654881477356,0,0
1278,0,0.020463947,2.7418136596679688e-06,0.01023334451019764,0,0
1279,0,0.33277047,2.7418136596679688e-06,0.16638660430908203,0,0
1280,1,0.84794354,0.0001171827316284,0.4240303635597229,0,0
1281,1,0.94613606,3.0994415283203125e-06,0.47306957840919495,0,0
1282,1,0.91473466,8.940696716308594e-06,0.4573718011379242,0,0
1283,1,0.8612477,3.5762786865234375e-05,0.4306417405605316,0,0
1284,0,0.21869576,4.172325134277344e-06,0.10934996604919434,0,0
1285,0,0.17955944,1.7881393432617188e-06,0.08978061378002167,0,0
1286,0,0.31074166,0.0001776814460754,0.15545967221260068,0,0
1287,1,0.61112,0.0004066824913024,0.30576333403587336,0,0
1288,0,0.10225799,5.7220458984375e-06,0.05113185569643974,0,0
1289,1,0.834323,0.998810887336731,0.91656693816185,1,0
1290,0,0.24323204,1.5497207641601562e-06,0.12161679565906525,0,0
1291,1,0.85902876,1.9431114196777344e-05,0.42952409386634827,0,0
1292,1,0.6863365,0.9997770190238952,0.8430567681789398,1,0
1293,1,0.9084729,9.41753387451172e-06,0.45424115657806396,0,0
1294,1,0.9674336,1.9073486328125e-06,0.48371773958206177,0,0
1295,1,0.50686145,3.337860107421875e-06,0.25343239307403564,0,0
1296,0,0.02304933,1.0728836059570312e-06,0.011525201611220837,0,0
1297,1,0.6684319,2.7418136596679688e-06,0.3342173099517822,0,0
1298,1,0.97626424,0.0021330714225769,0.4891986548900604,0,0
1299,1,0.6875133,5.7220458984375e-06,0.3437595069408417,0,0
1300,0,0.35686484,0.1079832911491394,0.2324240654706955,0,0
1301,1,0.74769574,0.987453818321228,0.8675747811794281,1,0
1302,1,0.8353502,2.1696090698242188e-05,0.41768595576286316,0,0
1303,1,0.98308253,5.245208740234375e-05,0.4915674924850464,0,0
1304,0,0.26249465,7.939338684082031e-05,0.13128702342510223,0,0
1305,1,0.83439195,0.9994811415672302,0.9169365465641022,1,0
1306,0,0.14692408,2.1219253540039062e-05,0.07347264885902405,0,0
1307,0,0.35623586,1.9073486328125e-06,0.17811888456344604,0,0
1308,1,0.96392465,0.000818908214569,0.48237177729606623,0,0
1309,0,0.21364795,7.271766662597656e-06,0.10682760924100876,0,0
1310,0,0.26645717,1.3113021850585938e-06,0.13322924077510834,0,0
1311,1,0.9796689,9.5367431640625e-07,0.4898349344730377,0,0
1312,1,0.9728501,0.9960501790046692,0.9844501316547394,1,0
1313,1,0.73309135,1.9073486328125e-06,0.366546630859375,0,0
1314,1,0.6696881,1.2516975402832031e-05,0.3348503112792969,0,0
1315,0,0.06952465,2.5033950805664062e-06,0.034763578325510025,0,0
1316,1,0.98755985,1.5497207641601562e-06,0.4937807023525238,0,0
1317,0,0.38030696,0.9994101524353028,0.6898585557937622,1,0
1318,1,0.91291064,2.384185791015625e-06,0.4564565122127533,0,0
1319,0,0.081181005,1.5497207641601562e-05,0.040598250925540924,0,0
1320,0,0.4914422,3.0994415283203125e-06,0.24572265148162842,0,0
1321,0,0.19025944,3.457069396972656e-06,0.09513144940137863,0,0
1322,1,0.8009583,0.000760793685913,0.40085953474044794,0,0
1323,0,0.40685508,0.0007631778717041,0.20380912721157074,0,0
1324,0,0.26398966,4.172325134277344e-06,0.13199691474437714,0,0
1325,0,0.27427682,8.344650268554688e-06,0.1371425837278366,0,0
1326,0,0.4558958,2.384185791015625e-06,0.2279490977525711,0,0
1327,1,0.8551265,1.430511474609375e-06,0.42756396532058716,0,0
1328,1,0.70225143,1.6689300537109375e-06,0.3511265516281128,0,0
1329,0,0.22282422,2.5033950805664062e-06,0.11141335964202881,0,0
1330,0,0.14634775,0.000176727771759,0.07326223701238631,0,0
1331,0,0.14297533,0.0004971027374267,0.07173621654510495,0,0
1332,1,0.6967167,0.0005083084106445,0.348612517118454,0,0
1333,0,0.23310573,1.5497207641601562e-05,0.11656061559915543,0,0
1334,1,0.5041022,2.1457672119140625e-06,0.2520521581172943,0,0
1335,0,0.17108622,7.56978988647461e-05,0.08558095991611481,0,0
1336,0,0.0127875935,1.7881393432617188e-06,0.0063946908339858055,0,0
1337,0,0.06524437,3.457069396972656e-06,0.03262391313910484,0,0
1338,1,0.81500655,7.033348083496094e-06,0.4075067937374115,0,0
1339,0,0.3058168,0.001602828502655,0.15370981395244596,0,0
1340,0,0.04756297,1.430511474609375e-06,0.02378220111131668,0,0
1341,1,0.69766,7.867813110351562e-06,0.34883394837379456,0,0
1342,0,0.1998045,0.0001324415206909,0.09996847063302992,0,0
1343,1,0.9067249,0.0001240968704223,0.4534244835376739,0,0
1344,0,0.28369313,6.67572021484375e-06,0.14184990525245667,0,0
1345,0,0.0660083,1.990795135498047e-05,0.03301410377025604,0,0
1346,1,0.96798766,6.973743438720703e-05,0.484028697013855,0,0
1347,0,0.4285516,2.384185791015625e-06,0.2142769992351532,0,0
1348,0,0.28724986,0.994745135307312,0.6409974992275238,1,0
1349,1,0.7955116,5.7816505432128906e-05,0.3977847099304199,0,0
1350,1,0.59164834,3.528594970703125e-05,0.2958418130874634,0,0
1351,1,0.813184,3.6954879760742183e-06,0.40659385919570923,0,0
1352,0,0.28774232,1.895427703857422e-05,0.14388063549995422,0,0
1353,0,0.23692071,1.1801719665527344e-05,0.11846625804901123,0,0
1354,0,0.13706167,6.270408630371094e-05,0.06856218725442886,0,0
1355,1,0.9366944,0.0002679228782653,0.46848115324974055,0,0
1356,0,0.040705297,5.0067901611328125e-06,0.02035515196621418,0,0
1357,0,0.06869181,1.1920928955078125e-06,0.034346502274274826,0,0
1358,0,0.13083413,5.316734313964844e-05,0.06544364988803864,0,0
1359,1,0.59267664,1.132488250732422e-05,0.29634398221969604,0,0
1360,1,0.9352278,3.457069396972656e-06,0.46761563420295715,0,0
1361,1,0.805192,8.58306884765625e-06,0.4026002883911133,0,0
1362,1,0.9183354,2.384185791015625e-06,0.4591688811779022,0,0
1363,1,0.9494531,6.67572021484375e-06,0.47472989559173584,0,0
1364,0,0.15933648,2.3603439331054688e-05,0.07968004047870636,0,0
1365,0,0.20781058,0.1490905880928039,0.17845058441162107,0,0
1366,1,0.89088273,3.0994415283203125e-06,0.44544291496276855,0,0
1367,1,0.99532914,0.999431312084198,0.9973802268505096,1,0
1368,1,0.57319564,3.457069396972656e-06,0.2865995466709137,0,0
1369,0,0.27623484,1.5497207641601562e-06,0.1381181925535202,0,0
1370,1,0.5217451,8.249282836914062e-05,0.26091378927230835,0,0
1371,1,0.824786,3.0994415283203125e-06,0.41239455342292786,0,0
1372,1,0.8927837,0.0004773139953613,0.4466305077075958,0,0
1373,0,0.11403086,6.091594696044922e-05,0.057045888155698776,0,0
1374,1,0.9078311,1.8715858459472656e-05,0.45392489433288574,0,0
1375,1,0.9136956,1.3113021850585938e-06,0.4568484425544739,0,0
1376,0,0.46296525,0.999901533126831,0.7314333915710449,1,0
1377,1,0.85074425,4.410743713378906e-06,0.4253743290901184,0,0
1378,0,0.0501398,8.821487426757812e-06,0.0250743106007576,0,0
1379,0,0.044737212,7.62939453125e-06,0.022372420877218246,0,0
1380,1,0.76733154,0.0035256743431091,0.38542860746383667,0,0
1381,0,0.06524437,3.457069396972656e-06,0.03262391313910484,0,0
1382,1,0.80769545,0.0001911520957946,0.4039433002471923,0,0
1383,1,0.9644386,4.684925079345703e-05,0.48224273324012756,0,0
1384,0,0.31377256,5.364418029785156e-06,0.1568889617919922,0,0
1385,0,0.38724056,0.7114595174789429,0.5493500381708145,1,0
1386,0,0.08759049,0.0003309249877929,0.04396070912480351,0,0
1387,1,0.8989768,2.2530555725097656e-05,0.4494996666908264,0,0
1388,1,0.63061345,3.457069396972656e-06,0.31530845165252686,0,0
1389,0,0.11575715,9.5367431640625e-07,0.05787905305624008,0,0
1390,1,0.99328727,0.0061477422714233,0.49971750378608704,0,0
1391,1,0.54446554,4.0650367736816406e-05,0.2722530961036682,0,0
1392,0,0.39383423,1.5735626220703125e-05,0.19692498445510864,0,0
1393,0,0.4127048,1.0967254638671877e-05,0.20635788142681122,0,0
1394,0,0.13625354,1.919269561767578e-05,0.06813636422157288,0,0
1395,0,0.29867208,6.258487701416016e-05,0.1493673324584961,0,0
1396,1,0.9121804,2.384185791015625e-06,0.45609140396118164,0,0
1397,0,0.13615495,2.384185791015625e-05,0.06808939576148987,0,0
1398,1,0.99491864,0.0670673847198486,0.5309930145740509,1,0
1399,1,0.8644318,1.7881393432617188e-06,0.4322167932987213,0,0
1400,1,0.9354041,2.86102294921875e-06,0.4677034914493561,0,0
1401,1,0.6239858,3.445148468017578e-05,0.31201013922691345,0,0
1402,1,0.7510244,3.826618194580078e-05,0.3755313456058502,0,0
1403,1,0.60094845,3.6954879760742183e-06,0.30047607421875,0,0
1404,1,0.64761853,1.5497207641601562e-06,0.32381004095077515,0,0
1405,0,0.18331535,1.5497207641601562e-06,0.09165845066308975,0,0
1406,1,0.64929044,1.9073486328125e-06,0.3246461749076843,0,0
1407,1,0.68433505,5.0067901611328125e-06,0.34217002987861633,0,0
1408,1,0.9583676,0.9679540395736694,0.9631608128547668,1,0
1409,1,0.8173055,1.3113021850585938e-06,0.4086534082889557,0,0
1410,0,0.4567881,3.504753112792969e-05,0.22841157019138336,0,0
1411,1,0.58027166,3.933906555175781e-06,0.29013779759407043,0,0
1412,0,0.31348836,2.6226043701171875e-06,0.15674549341201782,0,0
1413,1,0.8650427,5.364418029785156e-06,0.43252402544021606,0,0
1414,1,0.80865306,2.6702880859375e-05,0.40433987975120544,0,0
1415,0,0.17577294,0.0010212659835815,0.08839710056781766,0,0
1416,0,0.47934535,5.364418029785156e-06,0.2396753579378128,0,0
1417,1,0.92413247,6.80685043334961e-05,0.4621002674102783,0,0
1418,1,0.99918264,0.9355056285858154,0.9673441350460052,1,0
1419,0,0.38411775,1.5497207641601562e-06,0.19205965101718903,0,0
1420,0,0.07264509,0.0005155801773071,0.036580335348844514,0,0
1421,1,0.6041332,1.7881393432617188e-06,0.30206748843193054,0,0
1422,1,0.95758647,2.5033950805664062e-05,0.4788057506084442,0,0
1423,0,0.06468775,3.576278686523437e-06,0.032345663756132126,0,0
1424,0,0.44954026,8.702278137207031e-06,0.22477447986602783,0,0
1425,0,0.41387272,9.02414321899414e-05,0.20698148012161255,0,0
1426,0,0.23746455,2.9802322387695312e-06,0.11873376369476318,0,0
1427,1,0.68340003,3.0994415283203125e-06,0.34170156717300415,0,0
1428,1,0.84038097,4.0531158447265625e-06,0.42019250988960266,0,0
1429,1,0.9693298,4.291534423828125e-06,0.484667032957077,0,0
1430,0,0.06292982,8.225440979003906e-06,0.03146902099251747,0,0
1431,1,0.9192736,8.821487426757812e-06,0.4596412181854248,0,0
1432,0,0.49771613,0.0232359170913696,0.2604760229587555,0,0
1433,0,0.20108528,2.6226043701171875e-06,0.10054395347833633,0,0
1434,0,0.2681256,1.919269561767578e-05,0.13407239317893982,0,0
1435,0,0.22826844,1.5497207641601562e-06,0.11413499712944031,0,0
1436,0,0.112556845,1.3113021850585938e-06,0.056279078125953674,0,0
1437,0,0.020811524,1.0967254638671877e-05,0.010411245748400688,0,0
1438,0,0.1681745,0.0001362562179565,0.08415538072586057,0,0
1439,1,0.95363474,2.3365020751953125e-05,0.47682905197143555,0,0
1440,1,0.52416927,1.7881393432617188e-06,0.26208552718162537,0,0
1441,1,0.9367257,5.292892456054688e-05,0.4683893024921417,0,0
1442,1,0.9600601,2.9802322387695312e-06,0.4800315499305725,0,0
1443,1,0.6420637,0.0002046227455139,0.32113415002822876,0,0
1444,1,0.6195199,2.5033950805664062e-05,0.30977246165275574,0,0
1445,0,0.088226594,7.271766662597656e-06,0.04411693289875984,0,0
1446,0,0.4931404,8.58306884765625e-06,0.2465744912624359,0,0
1447,0,0.15911077,3.921985626220703e-05,0.07957499474287033,0,0
1448,0,0.41532147,1.0132789611816406e-05,0.2076658010482788,0,0
1449,0,0.2437282,4.887580871582031e-06,0.12186654657125473,0,0
1450,1,0.5796553,9.775161743164062e-06,0.28983253240585327,0,0
1451,0,0.22844766,8.761882781982422e-05,0.11426763981580734,0,0
1452,1,0.6454919,0.0008009076118469,0.32314640283584595,0,0
1453,0,0.0690397,3.9577484130859375e-05,0.034539639949798584,0,0
1454,0,0.22301795,1.7881393432617188e-06,0.11150986701250076,0,0
1455,0,0.03748341,7.152557373046875e-07,0.018742062151432037,0,0
1456,0,0.18236952,2.7418136596679688e-06,0.09118612855672836,0,0
1457,1,0.98161983,8.225440979003906e-06,0.4908140301704407,0,0
1458,1,0.79941005,4.911422729492188e-05,0.39972957968711853,0,0
1459,0,0.4935484,1.847743988037109e-05,0.24678343534469604,0,0
1460,0,0.07164892,3.933906555175781e-06,0.035826425999403,0,0
1461,1,0.6717531,2.408027648925781e-05,0.3358885943889618,0,0
1462,0,0.23443303,2.1457672119140625e-06,0.11721758544445038,0,0
1463,0,0.32244757,1.3947486877441406e-05,0.16123075783252716,0,0
1464,0,0.49046293,2.7418136596679688e-06,0.24523283541202545,0,0
1465,0,0.38673267,3.337860107421875e-06,0.19336800277233124,0,0
1466,0,0.18209821,2.264976501464844e-06,0.09105023741722107,0,0
1467,0,0.31486797,2.9802322387695312e-06,0.15743547677993774,0,0
1468,1,0.9848646,1.1801719665527344e-05,0.4924381971359253,0,0
1469,1,0.9025963,0.002544343471527,0.45257031917572016,0,0
1470,1,0.9641361,3.0159950256347656e-05,0.48208314180374146,0,0
1471,0,0.3714084,1.0251998901367188e-05,0.18570932745933533,0,0
1472,1,0.5685001,9.775161743164062e-06,0.28425493836402893,0,0
1473,1,0.89381737,1.3113021850585938e-06,0.4469093382358551,0,0
1474,1,0.9845154,3.0994415283203125e-06,0.49225926399230957,0,0
1475,0,0.13956487,0.0003378391265869,0.0699513554573059,0,0
1476,0,0.2634199,3.457069396972656e-06,0.1317116767168045,0,0
1477,0,0.23637393,6.67572021484375e-06,0.11819030344486237,0,0
1478,0,0.1275306,1.895427703857422e-05,0.06377477943897247,0,0
1479,0,0.40692627,5.0067901611328125e-06,0.20346564054489136,0,0
1480,1,0.9263371,1.3113021850585938e-06,0.4631692171096802,0,0
1481,0,0.32173035,4.529953002929688e-06,0.16086743772029877,0,0
1482,0,0.24583825,1.7881393432617188e-06,0.12292002141475677,0,0
1483,1,0.98692536,1.5497207641601562e-06,0.4934634566307068,0,0
1484,1,0.9222385,3.337860107421875e-06,0.46112093329429626,0,0
1485,1,0.7727654,1.3113021850585938e-06,0.3863833546638489,0,0
1486,1,0.79242754,1.6689300537109375e-05,0.3962221145629883,0,0
1487,1,0.5574372,2.3484230041503903e-05,0.2787303328514099,0,0
1488,0,0.3848345,7.009506225585938e-05,0.1924522966146469,0,0
1489,1,0.69026923,7.748603820800781e-06,0.3451384902000427,0,0
1490,0,0.032215852,7.390975952148437e-06,0.016111621633172035,0,0
1491,1,0.9555075,3.671646118164063e-05,0.4777721166610718,0,0
1492,0,0.41546044,8.821487426757812e-06,0.2077346295118332,0,0
1493,0,0.49187583,0.983020007610321,0.7374479174613953,1,0
1494,1,0.66374594,3.337860107421875e-06,0.33187463879585266,0,0
1495,1,0.83461064,1.9073486328125e-06,0.4173062741756439,0,0
1496,1,0.5908695,2.765655517578125e-05,0.29544857144355774,0,0
1497,0,0.39093786,5.0067901611328125e-06,0.19547143578529358,0,0
1498,1,0.97583133,1.0728836059570312e-06,0.4879162013530731,0,0
1499,1,0.9609991,0.2676433324813843,0.6143212020397186,1,0
1500,1,0.9645858,1.1920928955078123e-05,0.4822988510131836,0,0
1501,1,0.7514952,4.0531158447265625e-06,0.3757496178150177,0,0
1502,0,0.18336877,0.0001548528671264,0.09176181256771085,0,0
1503,1,0.9006392,1.3947486877441406e-05,0.4503265619277954,0,0
1504,1,0.8898115,4.291534423828125e-06,0.44490790367126465,0,0
1505,1,0.80564535,8.225440979003906e-06,0.40282678604125977,0,0
1506,1,0.7098346,0.8743149042129517,0.7920747399330139,1,0
1507,1,0.99786264,0.0009365677833557,0.4993996024131775,0,0
1508,0,0.049896795,1.3113021850585938e-06,0.024949053302407265,0,0
1509,1,0.8007617,1.633167266845703e-05,0.40038901567459106,0,0
1510,0,0.10048,1.0728836059570312e-06,0.05024053528904915,0,0
1511,0,0.022096477,9.202957153320312e-05,0.01109425351023674,0,0
1512,0,0.40664145,1.5497207641601562e-06,0.20332150161266327,0,0
1513,1,0.8012853,1.7881393432617188e-06,0.40064355731010437,0,0
1514,0,0.35806844,1.2755393981933594e-05,0.1790405958890915,0,0
1515,0,0.37929168,1.7881393432617188e-06,0.18964673578739166,0,0
1516,0,0.42733717,4.172325134277344e-06,0.21367067098617554,0,0
1517,0,0.11973151,0.0001039505004882,0.05991772934794422,0,0
1518,1,0.954374,1.430511474609375e-06,0.47718772292137146,0,0
1519,0,0.34164897,2.813339233398437e-05,0.17083854973316193,0,0
1520,1,0.77689034,4.410743713378906e-06,0.3884473741054535,0,0
1521,0,0.26828274,7.390975952148437e-06,0.13414506614208221,0,0
1522,0,0.21759339,1.0728836059570312e-06,0.10879722982645035,0,0
1523,0,0.029121662,9.179115295410156e-06,0.01456542033702135,0,0
1524,1,0.7419518,1.9073486328125e-06,0.37097686529159546,0,0
1525,1,0.9798838,0.0014052987098693,0.4906445443630218,0,0
1526,0,0.14970812,2.7418136596679688e-06,0.07485543191432953,0,0
1527,0,0.16325091,1.4066696166992188e-05,0.08163248747587204,0,0
1528,1,0.6435082,3.2186508178710938e-06,0.32175570726394653,0,0
1529,1,0.95174575,2.002716064453125e-05,0.475882887840271,0,0
1530,1,0.83956707,2.264976501464844e-06,0.41978466510772705,0,0
1531,0,0.48910895,1.1086463928222656e-05,0.24456001818180084,0,0
1532,0,0.15281007,2.6226043701171875e-06,0.07640634477138519,0,0
1533,1,0.5788784,1.847743988037109e-05,0.28944844007492065,0,0
1534,1,0.7022922,1.430511474609375e-06,0.3511468172073364,0,0
1535,0,0.23416676,2.1457672119140625e-06,0.11708445101976395,0,0
1536,0,0.35658348,1.3113021850585938e-06,0.1782923936843872,0,0
1537,1,0.65497607,4.410743713378906e-06,0.3274902403354645,0,0
1538,0,0.44505423,0.681864321231842,0.5634592771530151,1,0
1539,1,0.99704057,3.9458274841308594e-05,0.4985400140285492,0,0
1540,1,0.98946136,0.000166893005371,0.49481412768363947,0,0
1541,0,0.0812897,7.867813110351562e-06,0.04064878448843956,0,0
1542,0,0.031592038,1.5497207641601562e-06,0.01579679362475872,0,0
1543,0,0.050219253,5.960464477539063e-06,0.025112606585025787,0,0
1544,1,0.98468775,8.106231689453125e-06,0.49234792590141296,0,0
1545,0,0.29932937,1.1920928955078125e-06,0.14966528117656708,0,0
1546,1,0.64357966,4.410743713378906e-06,0.32179203629493713,0,0
1547,1,0.85385764,1.3113021850585938e-06,0.4269294738769531,0,0
1548,0,0.15245974,0.000273048877716,0.07636639475822446,0,0
1549,0,0.3306462,0.9915886521339417,0.6611174196004868,1,0
1550,1,0.9604529,7.462501525878906e-05,0.48026376962661743,0,0
1551,1,0.9112167,8.463859558105469e-06,0.45561257004737854,0,0
1552,0,0.21213584,3.457069396972656e-06,0.1060696467757225,0,0
1553,0,0.38956022,1.4424324035644531e-05,0.19478732347488403,0,0
1554,1,0.77657443,5.125999450683594e-06,0.38828977942466736,0,0
1555,1,0.877934,1.4781951904296877e-05,0.43897438049316406,0,0
1556,0,0.20101649,2.026557922363281e-06,0.10050925612449646,0,0
1557,1,0.6513819,5.960464477539062e-07,0.32569125294685364,0,0
1558,0,0.18934724,1.0013580322265623e-05,0.09467862546443939,0,0
1559,0,0.27631354,3.337860107421875e-06,0.13815844058990479,0,0
1560,0,0.23573041,3.457069396972656e-06,0.11786693334579468,0,0
1561,0,0.32910654,0.0002273917198181,0.16466696560382843,0,0
1562,1,0.8828088,2.86102294921875e-06,0.4414058327674866,0,0
1563,1,0.50859433,0.0001337528228759,0.25436404347419733,0,0
1564,1,0.99193704,6.9141387939453125e-06,0.4959719777107239,0,0
1565,0,0.050441172,5.841255187988281e-06,0.02522350661456585,0,0
1566,0,0.1737697,1.2159347534179688e-05,0.08689092844724655,0,0
1567,0,0.12910749,1.3113021850585938e-06,0.06455440074205399,0,0
1568,1,0.73919046,0.0005608201026916,0.36987563967704773,0,0
1569,0,0.06288089,5.245208740234375e-06,0.03144306689500809,0,0
1570,1,0.5115027,2.7418136596679688e-06,0.25575271248817444,0,0
1571,0,0.34248072,7.164478302001953e-05,0.17127618193626404,0,0
1572,0,0.49587756,2.9802322387695312e-06,0.2479402720928192,0,0
1573,1,0.64790064,2.5033950805664062e-06,0.3239515721797943,0,0
1574,0,0.14657126,6.67572021484375e-06,0.07328896969556808,0,0
1575,1,0.96811277,1.9073486328125e-06,0.48405733704566956,0,0
1576,0,0.06887549,1.5616416931152344e-05,0.03444555401802063,0,0
1577,0,0.15233234,2.264976501464844e-06,0.07616730034351349,0,0
1578,0,0.0337833,7.390975952148437e-06,0.016895346343517303,0,0
1579,0,0.1208437,1.5497207641601562e-06,0.0604226253926754,0,0
1580,1,0.783585,0.0465228557586669,0.4150539338588714,0,0
1581,0,0.24311382,2.5033950805664062e-06,0.12155815958976746,0,0
1582,1,0.7862564,4.0531158447265625e-06,0.39313021302223206,0,0
1583,0,0.31028768,2.384185791015625e-06,0.15514503419399261,0,0
1584,1,0.735904,4.887580871582031e-06,0.36795443296432495,0,0
1585,1,0.9265012,1.9073486328125e-06,0.4632515609264374,0,0
1586,0,0.27966547,0.0001836419105529,0.13992455601692197,0,0
1587,0,0.14826424,4.529953002929688e-06,0.07413438707590103,0,0
1588,1,0.6168786,7.62939453125e-06,0.3084431290626526,0,0
1589,1,0.5552141,0.0003424882888793,0.27777829766273493,0,0
1590,0,0.39478388,3.337860107421875e-06,0.19739361107349396,0,0
1591,1,0.99909425,0.0002756714820861,0.4996849596500396,0,0
1592,0,0.08040301,3.814697265625e-06,0.040203411132097244,0,0
1593,0,0.047358405,8.702278137207031e-06,0.02368355356156826,0,0
1594,1,0.9693001,1.430511474609375e-06,0.48465076088905334,0,0
1595,1,0.75700593,3.457069396972656e-06,0.3785046935081482,0,0
1596,0,0.48993596,3.8623809814453125e-05,0.24498729407787323,0,0
1597,1,0.7731008,2.86102294921875e-06,0.3865518271923065,0,0
1598,1,0.8932166,0.0526731014251709,0.47294485569000244,0,0
1599,0,0.054211933,1.3113021850585938e-06,0.027106622233986855,0,0
1600,0,0.07207358,5.364418029785156e-06,0.03603947162628174,0,0
1601,0,0.43345618,1.1444091796875e-05,0.21673381328582764,0,0
1602,0,0.48789856,1.811981201171875e-05,0.24395833909511566,0,0
1603,0,0.2721206,1.7881393432617188e-06,0.1360611915588379,0,0
1604,1,0.8186358,1.6927719116210938e-05,0.40932637453079224,0,0
1605,0,0.09509765,4.410743713378906e-06,0.04755103215575218,0,0
1606,1,0.9320024,3.576278686523437e-06,0.4660030007362366,0,0
1607,1,0.9972096,5.0067901611328125e-06,0.4986073076725006,0,0
1608,1,0.97787833,0.0001758933067321,0.4890271127223968,0,0
1609,1,0.7622088,1.5735626220703125e-05,0.381112277507782,0,0
1610,0,0.021558752,2.7418136596679688e-06,0.010780747048556805,0,0
1611,1,0.6402072,3.814697265625e-06,0.32010549306869507,0,0
1612,1,0.89594734,0.0003542900085449,0.4481508135795593,0,0
1613,0,0.115344174,1.7881393432617188e-06,0.057672981172800064,0,0
1614,0,0.083774455,4.410743713378906e-06,0.041889432817697525,0,0
1615,0,0.3410656,2.300739288330078e-05,0.17054429650306702,0,0
1616,0,0.18196534,2.026557922363281e-06,0.09098368138074875,0,0
1617,1,0.5135531,0.0007092952728271,0.2571311891078949,0,0
1618,1,0.6360867,2.765655517578125e-05,0.31805717945098877,0,0
1619,0,0.15755203,0.029559850692749,0.09355594217777251,0,0
1620,1,0.7187335,1.1920928955078125e-06,0.35936734080314636,0,0
1621,0,0.086809374,3.6954879760742183e-06,0.04340653494000435,0,0
1622,0,0.21154647,5.7220458984375e-05,0.10580184310674667,0,0
1623,0,0.30816218,3.0994415283203125e-06,0.15408264100551605,0,0
1624,0,0.13696134,0.0011496543884277,0.06905549764633177,0,0
1625,0,0.1573673,1.4066696166992188e-05,0.07869068533182144,0,0
1626,1,0.9017632,2.86102294921875e-06,0.45088303089141846,0,0
1627,0,0.46095148,0.0001974701881408,0.23057447373867032,0,0
1628,0,0.37115765,2.86102294921875e-06,0.18558025360107422,0,0
1629,1,0.5262098,6.318092346191406e-06,0.2631080448627472,0,0
1630,1,0.5621222,0.0001125335693359,0.28111737966537476,0,0
1631,0,0.17395028,0.993533968925476,0.5837421268224716,1,0
1632,0,0.38210884,5.960464477539062e-07,0.19105471670627594,0,0
1633,0,0.08749948,0.0913745760917663,0.0894370265305042,0,0
